item_id	path_type	path	assigned_agent	status	master_state	output_rel	item_id_mentions	has_item_heading	bytes	sha16	depth	core_descendant_files	reason	master_evidence
ENHANCE_RLCR_WITH_REVIEW_LOOP-HZ-001	directory	.	agent_01	complete	[x]	research_runs/2026-06-19_humanize_branch_1to1/agents/agent_01/output.md	1	yes	1171650	-	0	123	directory contains included core algorithm descendant(s)	status complete; output exists; item_id present in assigned output
ENHANCE_RLCR_WITH_REVIEW_LOOP-HZ-002	directory	agents	agent_02	complete	[x]	research_runs/2026-06-19_humanize_branch_1to1/agents/agent_02/output.md	2	yes	1788	-	1	1	directory contains included core algorithm descendant(s)	status complete; output exists; item_id present in assigned output
ENHANCE_RLCR_WITH_REVIEW_LOOP-HZ-003	directory	commands	agent_03	complete	[x]	research_runs/2026-06-19_humanize_branch_1to1/agents/agent_03/output.md	1	yes	20921	-	1	5	directory contains included core algorithm descendant(s)	status complete; output exists; item_id present in assigned output
ENHANCE_RLCR_WITH_REVIEW_LOOP-HZ-004	directory	hooks	agent_04	complete	[x]	research_runs/2026-06-19_humanize_branch_1to1/agents/agent_04/output.md	1	yes	234315	-	1	11	directory contains included core algorithm descendant(s)	status complete; output exists; item_id present in assigned output
ENHANCE_RLCR_WITH_REVIEW_LOOP-HZ-005	directory	prompt-template	agent_05	complete	[x]	research_runs/2026-06-19_humanize_branch_1to1/agents/agent_05/output.md	1	yes	41071	-	1	52	directory contains included core algorithm descendant(s)	status complete; output exists; item_id present in assigned output
ENHANCE_RLCR_WITH_REVIEW_LOOP-HZ-006	directory	scripts	agent_06	complete	[x]	research_runs/2026-06-19_humanize_branch_1to1/agents/agent_06/output.md	1	yes	194605	-	1	12	directory contains included core algorithm descendant(s)	status complete; output exists; item_id present in assigned output
ENHANCE_RLCR_WITH_REVIEW_LOOP-HZ-007	directory	tests	agent_07	complete	[x]	research_runs/2026-06-19_humanize_branch_1to1/agents/agent_07/output.md	2	yes	672646	-	1	41	directory contains included core algorithm descendant(s)	status complete; output exists; item_id present in assigned output
ENHANCE_RLCR_WITH_REVIEW_LOOP-HZ-008	file	README.md	agent_08	complete	[x]	research_runs/2026-06-19_humanize_branch_1to1/agents/agent_08/output.md	1	yes	6304	3d23f9a641be9de0	0		behavior-defining documentation for workflow/state-machine algorithms	status complete; output exists; item_id present in assigned output
ENHANCE_RLCR_WITH_REVIEW_LOOP-HZ-009	directory	hooks/lib	agent_09	complete	[x]	research_runs/2026-06-19_humanize_branch_1to1/agents/agent_09/output.md	1	yes	56242	-	2	2	directory contains included core algorithm descendant(s)	status complete; output exists; item_id present in assigned output
ENHANCE_RLCR_WITH_REVIEW_LOOP-HZ-010	directory	prompt-template/block	agent_10	complete	[x]	research_runs/2026-06-19_humanize_branch_1to1/agents/agent_10/output.md	1	yes	14011	-	2	32	directory contains included core algorithm descendant(s)	status complete; output exists; item_id present in assigned output
ENHANCE_RLCR_WITH_REVIEW_LOOP-HZ-011	directory	prompt-template/claude	agent_11	complete	[x]	research_runs/2026-06-19_humanize_branch_1to1/agents/agent_11/output.md	1	yes	6966	-	2	8	directory contains included core algorithm descendant(s)	status complete; output exists; item_id present in assigned output
ENHANCE_RLCR_WITH_REVIEW_LOOP-HZ-012	directory	prompt-template/codex	agent_12	complete	[x]	research_runs/2026-06-19_humanize_branch_1to1/agents/agent_12/output.md	1	yes	10374	-	2	4	directory contains included core algorithm descendant(s)	status complete; output exists; item_id present in assigned output
ENHANCE_RLCR_WITH_REVIEW_LOOP-HZ-013	directory	prompt-template/plan	agent_13	complete	[x]	research_runs/2026-06-19_humanize_branch_1to1/agents/agent_13/output.md	1	yes	2959	-	2	1	directory contains included core algorithm descendant(s)	status complete; output exists; item_id present in assigned output
ENHANCE_RLCR_WITH_REVIEW_LOOP-HZ-014	directory	prompt-template/pr-loop	agent_14	complete	[x]	research_runs/2026-06-19_humanize_branch_1to1/agents/agent_14/output.md	1	yes	6761	-	2	7	directory contains included core algorithm descendant(s)	status complete; output exists; item_id present in assigned output
ENHANCE_RLCR_WITH_REVIEW_LOOP-HZ-015	directory	scripts/lib	agent_15	complete	[x]	research_runs/2026-06-19_humanize_branch_1to1/agents/agent_15/output.md	1	yes	17436	-	2	1	directory contains included core algorithm descendant(s)	status complete; output exists; item_id present in assigned output
ENHANCE_RLCR_WITH_REVIEW_LOOP-HZ-016	directory	tests/robustness	agent_16	complete	[x]	research_runs/2026-06-19_humanize_branch_1to1/agents/agent_16/output.md	1	yes	137268	-	2	11	directory contains included core algorithm descendant(s)	status complete; output exists; item_id present in assigned output
ENHANCE_RLCR_WITH_REVIEW_LOOP-HZ-017	file	agents/draft-relevance-checker.md	agent_17	complete	[x]	research_runs/2026-06-19_humanize_branch_1to1/agents/agent_17/output.md	1	yes	1788	98f5a6a069791828	2		agent prompt/policy file defining review or planning behavior	status complete; output exists; item_id present in assigned output
ENHANCE_RLCR_WITH_REVIEW_LOOP-HZ-018	file	commands/cancel-pr-loop.md	agent_18	complete	[x]	research_runs/2026-06-19_humanize_branch_1to1/agents/agent_18/output.md	2	yes	953	41a045601d93d8d6	2		command workflow definition for plan/RLCR algorithms	status complete; output exists; item_id present in assigned output
ENHANCE_RLCR_WITH_REVIEW_LOOP-HZ-019	file	commands/cancel-rlcr-loop.md	agent_19	complete	[x]	research_runs/2026-06-19_humanize_branch_1to1/agents/agent_19/output.md	1	yes	1914	2a8faafa5889ed98	2		command workflow definition for plan/RLCR algorithms	status complete; output exists; item_id present in assigned output
ENHANCE_RLCR_WITH_REVIEW_LOOP-HZ-020	file	commands/gen-plan.md	agent_20	complete	[x]	research_runs/2026-06-19_humanize_branch_1to1/agents/agent_20/output.md	1	yes	12548	ca2089d3b01c53da	2		command workflow definition for plan/RLCR algorithms	status complete; output exists; item_id present in assigned output
ENHANCE_RLCR_WITH_REVIEW_LOOP-HZ-021	file	commands/start-pr-loop.md	agent_21	complete	[x]	research_runs/2026-06-19_humanize_branch_1to1/agents/agent_21/output.md	1	yes	2349	f1323861df02ee34	2		command workflow definition for plan/RLCR algorithms	status complete; output exists; item_id present in assigned output
ENHANCE_RLCR_WITH_REVIEW_LOOP-HZ-022	file	commands/start-rlcr-loop.md	agent_22	complete	[x]	research_runs/2026-06-19_humanize_branch_1to1/agents/agent_22/output.md	1	yes	3157	a4339bc4fa6b93bd	2		command workflow definition for plan/RLCR algorithms	status complete; output exists; item_id present in assigned output
ENHANCE_RLCR_WITH_REVIEW_LOOP-HZ-023	file	hooks/check-todos-from-transcript.py	agent_23	complete	[x]	research_runs/2026-06-19_humanize_branch_1to1/agents/agent_23/output.md	1	yes	4496	ec13bdb525fa510b	2		hook or validator implementation for the RLCR state machine	status complete; output exists; item_id present in assigned output
ENHANCE_RLCR_WITH_REVIEW_LOOP-HZ-024	file	hooks/hooks.json	agent_24	complete	[x]	research_runs/2026-06-19_humanize_branch_1to1/agents/agent_24/output.md	1	yes	1580	5912ec1581ea1300	2		hook or validator implementation for the RLCR state machine	status complete; output exists; item_id present in assigned output
ENHANCE_RLCR_WITH_REVIEW_LOOP-HZ-025	file	hooks/loop-bash-validator.sh	agent_25	complete	[x]	research_runs/2026-06-19_humanize_branch_1to1/agents/agent_25/output.md	1	yes	16755	80308f37175151ec	2		hook or validator implementation for the RLCR state machine	status complete; output exists; item_id present in assigned output
ENHANCE_RLCR_WITH_REVIEW_LOOP-HZ-026	file	hooks/loop-codex-stop-hook.sh	agent_26	complete	[x]	research_runs/2026-06-19_humanize_branch_1to1/agents/agent_26/output.md	1	yes	58224	ea300536e10c68ab	2		hook or validator implementation for the RLCR state machine	status complete; output exists; item_id present in assigned output
ENHANCE_RLCR_WITH_REVIEW_LOOP-HZ-027	file	hooks/loop-edit-validator.sh	agent_27	complete	[x]	research_runs/2026-06-19_humanize_branch_1to1/agents/agent_27/output.md	2	yes	5982	9df4fa5599669e7a	2		hook or validator implementation for the RLCR state machine	status complete; output exists; item_id present in assigned output
ENHANCE_RLCR_WITH_REVIEW_LOOP-HZ-028	file	hooks/loop-plan-file-validator.sh	agent_28	complete	[x]	research_runs/2026-06-19_humanize_branch_1to1/agents/agent_28/output.md	2	yes	7983	6b6902f57e815c1d	2		hook or validator implementation for the RLCR state machine	status complete; output exists; item_id present in assigned output
ENHANCE_RLCR_WITH_REVIEW_LOOP-HZ-029	file	hooks/loop-read-validator.sh	agent_29	complete	[x]	research_runs/2026-06-19_humanize_branch_1to1/agents/agent_29/output.md	2	yes	5210	8a80336890315beb	2		hook or validator implementation for the RLCR state machine	status complete; output exists; item_id present in assigned output
ENHANCE_RLCR_WITH_REVIEW_LOOP-HZ-030	file	hooks/loop-write-validator.sh	agent_30	complete	[x]	research_runs/2026-06-19_humanize_branch_1to1/agents/agent_30/output.md	2	yes	9044	01c742091b33ad75	2		hook or validator implementation for the RLCR state machine	status complete; output exists; item_id present in assigned output
ENHANCE_RLCR_WITH_REVIEW_LOOP-HZ-031	file	hooks/pr-loop-stop-hook.sh	agent_01	complete	[x]	research_runs/2026-06-19_humanize_branch_1to1/agents/agent_01/output.md	1	yes	68799	ddd1873ed6721fa1	2		hook or validator implementation for the RLCR state machine	status complete; output exists; item_id present in assigned output
ENHANCE_RLCR_WITH_REVIEW_LOOP-HZ-032	file	scripts/cancel-pr-loop.sh	agent_02	complete	[x]	research_runs/2026-06-19_humanize_branch_1to1/agents/agent_02/output.md	2	yes	3498	2ce12a3a92f45fb6	2		runtime script implementing workflow, routing, monitor, validation, or state behavior	status complete; output exists; item_id present in assigned output
ENHANCE_RLCR_WITH_REVIEW_LOOP-HZ-033	file	scripts/cancel-rlcr-loop.sh	agent_03	complete	[x]	research_runs/2026-06-19_humanize_branch_1to1/agents/agent_03/output.md	1	yes	4248	5a9506ca44a737d6	2		runtime script implementing workflow, routing, monitor, validation, or state behavior	status complete; output exists; item_id present in assigned output
ENHANCE_RLCR_WITH_REVIEW_LOOP-HZ-034	file	scripts/check-bot-reactions.sh	agent_04	complete	[x]	research_runs/2026-06-19_humanize_branch_1to1/agents/agent_04/output.md	1	yes	11495	c29ff3322c98b69b	2		runtime script implementing workflow, routing, monitor, validation, or state behavior	status complete; output exists; item_id present in assigned output
ENHANCE_RLCR_WITH_REVIEW_LOOP-HZ-035	file	scripts/check-pr-reviewer-status.sh	agent_05	complete	[x]	research_runs/2026-06-19_humanize_branch_1to1/agents/agent_05/output.md	1	yes	9834	f67e6950c39f3e7d	2		runtime script implementing workflow, routing, monitor, validation, or state behavior	status complete; output exists; item_id present in assigned output
ENHANCE_RLCR_WITH_REVIEW_LOOP-HZ-036	file	scripts/fetch-pr-comments.sh	agent_06	complete	[x]	research_runs/2026-06-19_humanize_branch_1to1/agents/agent_06/output.md	1	yes	14503	07795733628556de	2		runtime script implementing workflow, routing, monitor, validation, or state behavior	status complete; output exists; item_id present in assigned output
ENHANCE_RLCR_WITH_REVIEW_LOOP-HZ-037	file	scripts/humanize.sh	agent_07	complete	[x]	research_runs/2026-06-19_humanize_branch_1to1/agents/agent_07/output.md	2	yes	55359	b7f5fe3c51e75736	2		runtime script implementing workflow, routing, monitor, validation, or state behavior	status complete; output exists; item_id present in assigned output
ENHANCE_RLCR_WITH_REVIEW_LOOP-HZ-038	file	scripts/poll-pr-reviews.sh	agent_08	complete	[x]	research_runs/2026-06-19_humanize_branch_1to1/agents/agent_08/output.md	1	yes	9682	2cd8977d2b402454	2		runtime script implementing workflow, routing, monitor, validation, or state behavior	status complete; output exists; item_id present in assigned output
ENHANCE_RLCR_WITH_REVIEW_LOOP-HZ-039	file	scripts/portable-timeout.sh	agent_09	complete	[x]	research_runs/2026-06-19_humanize_branch_1to1/agents/agent_09/output.md	1	yes	2116	0e35de1118d19699	2		runtime script implementing workflow, routing, monitor, validation, or state behavior	status complete; output exists; item_id present in assigned output
ENHANCE_RLCR_WITH_REVIEW_LOOP-HZ-040	file	scripts/setup-pr-loop.sh	agent_10	complete	[x]	research_runs/2026-06-19_humanize_branch_1to1/agents/agent_10/output.md	1	yes	29557	b093eef80281a9e8	2		runtime script implementing workflow, routing, monitor, validation, or state behavior	status complete; output exists; item_id present in assigned output
ENHANCE_RLCR_WITH_REVIEW_LOOP-HZ-041	file	scripts/setup-rlcr-loop.sh	agent_11	complete	[x]	research_runs/2026-06-19_humanize_branch_1to1/agents/agent_11/output.md	1	yes	32055	ae03d942577dee13	2		runtime script implementing workflow, routing, monitor, validation, or state behavior	status complete; output exists; item_id present in assigned output
ENHANCE_RLCR_WITH_REVIEW_LOOP-HZ-042	file	scripts/validate-gen-plan-io.sh	agent_12	complete	[x]	research_runs/2026-06-19_humanize_branch_1to1/agents/agent_12/output.md	1	yes	4822	cab0cbd166dd2360	2		runtime script implementing workflow, routing, monitor, validation, or state behavior	status complete; output exists; item_id present in assigned output
ENHANCE_RLCR_WITH_REVIEW_LOOP-HZ-043	file	tests/manual-monitor-test.sh	agent_13	complete	[x]	research_runs/2026-06-19_humanize_branch_1to1/agents/agent_13/output.md	1	yes	2527	f4f61aa882880b50	2		executable specification for core algorithm behavior	status complete; output exists; item_id present in assigned output
ENHANCE_RLCR_WITH_REVIEW_LOOP-HZ-044	file	tests/run-all-tests.sh	agent_14	complete	[x]	research_runs/2026-06-19_humanize_branch_1to1/agents/agent_14/output.md	1	yes	4279	bc53c48f8e9caf48	2		executable specification for core algorithm behavior	status complete; output exists; item_id present in assigned output
ENHANCE_RLCR_WITH_REVIEW_LOOP-HZ-045	file	tests/setup-fixture-mock-gh.sh	agent_15	complete	[x]	research_runs/2026-06-19_humanize_branch_1to1/agents/agent_15/output.md	1	yes	2860	5ff65d12d4faa0e1	2		executable specification for core algorithm behavior	status complete; output exists; item_id present in assigned output
ENHANCE_RLCR_WITH_REVIEW_LOOP-HZ-046	file	tests/setup-monitor-test-env.sh	agent_16	complete	[x]	research_runs/2026-06-19_humanize_branch_1to1/agents/agent_16/output.md	1	yes	2066	f84d1a049f7df375	2		executable specification for core algorithm behavior	status complete; output exists; item_id present in assigned output
ENHANCE_RLCR_WITH_REVIEW_LOOP-HZ-047	file	tests/test-allowlist-validators.sh	agent_17	complete	[x]	research_runs/2026-06-19_humanize_branch_1to1/agents/agent_17/output.md	1	yes	14613	08d862dfc528c90d	2		executable specification for core algorithm behavior	status complete; output exists; item_id present in assigned output
ENHANCE_RLCR_WITH_REVIEW_LOOP-HZ-048	file	tests/test-ansi-parsing.sh	agent_18	complete	[x]	research_runs/2026-06-19_humanize_branch_1to1/agents/agent_18/output.md	2	yes	5801	1ce1261d36446df1	2		executable specification for core algorithm behavior	status complete; output exists; item_id present in assigned output
ENHANCE_RLCR_WITH_REVIEW_LOOP-HZ-049	file	tests/test-bash-validator-patterns.sh	agent_19	complete	[x]	research_runs/2026-06-19_humanize_branch_1to1/agents/agent_19/output.md	1	yes	6658	8a01aab8994ab5f7	2		executable specification for core algorithm behavior	status complete; output exists; item_id present in assigned output
ENHANCE_RLCR_WITH_REVIEW_LOOP-HZ-050	file	tests/test-cancel-signal-file.sh	agent_20	complete	[x]	research_runs/2026-06-19_humanize_branch_1to1/agents/agent_20/output.md	1	yes	41264	c1f879ec75a11ec4	2		executable specification for core algorithm behavior	status complete; output exists; item_id present in assigned output
ENHANCE_RLCR_WITH_REVIEW_LOOP-HZ-051	file	tests/test-codex-review-merge.sh	agent_21	complete	[x]	research_runs/2026-06-19_humanize_branch_1to1/agents/agent_21/output.md	1	yes	10985	e568001d43de29b4	2		executable specification for core algorithm behavior	status complete; output exists; item_id present in assigned output
ENHANCE_RLCR_WITH_REVIEW_LOOP-HZ-052	file	tests/test-error-scenarios.sh	agent_22	complete	[x]	research_runs/2026-06-19_humanize_branch_1to1/agents/agent_22/output.md	1	yes	7691	a3d02e87805da569	2		executable specification for core algorithm behavior	status complete; output exists; item_id present in assigned output
ENHANCE_RLCR_WITH_REVIEW_LOOP-HZ-053	file	tests/test-finalize-phase.sh	agent_23	complete	[x]	research_runs/2026-06-19_humanize_branch_1to1/agents/agent_23/output.md	1	yes	31038	88fb9d2482f2cc6b	2		executable specification for core algorithm behavior	status complete; output exists; item_id present in assigned output
ENHANCE_RLCR_WITH_REVIEW_LOOP-HZ-054	file	tests/test-gen-plan.sh	agent_24	complete	[x]	research_runs/2026-06-19_humanize_branch_1to1/agents/agent_24/output.md	1	yes	18858	30a9ab194c245bea	2		executable specification for core algorithm behavior	status complete; output exists; item_id present in assigned output
ENHANCE_RLCR_WITH_REVIEW_LOOP-HZ-055	file	tests/test-helpers.sh	agent_25	complete	[x]	research_runs/2026-06-19_humanize_branch_1to1/agents/agent_25/output.md	1	yes	2594	8e0372407bb9189a	2		executable specification for core algorithm behavior	status complete; output exists; item_id present in assigned output
ENHANCE_RLCR_WITH_REVIEW_LOOP-HZ-056	file	tests/test-humanize-escape.sh	agent_26	complete	[x]	research_runs/2026-06-19_humanize_branch_1to1/agents/agent_26/output.md	1	yes	12037	5a0bf50c547cc4be	2		executable specification for core algorithm behavior	status complete; output exists; item_id present in assigned output
ENHANCE_RLCR_WITH_REVIEW_LOOP-HZ-057	file	tests/test-monitor-e2e-real.sh	agent_27	complete	[x]	research_runs/2026-06-19_humanize_branch_1to1/agents/agent_27/output.md	2	yes	30012	848973af0a357089	2		executable specification for core algorithm behavior	status complete; output exists; item_id present in assigned output
ENHANCE_RLCR_WITH_REVIEW_LOOP-HZ-058	file	tests/test-monitor-runtime.sh	agent_28	complete	[x]	research_runs/2026-06-19_humanize_branch_1to1/agents/agent_28/output.md	2	yes	13242	d4f57c5b74203adb	2		executable specification for core algorithm behavior	status complete; output exists; item_id present in assigned output
ENHANCE_RLCR_WITH_REVIEW_LOOP-HZ-059	file	tests/test-plan-file-hooks.sh	agent_29	complete	[x]	research_runs/2026-06-19_humanize_branch_1to1/agents/agent_29/output.md	2	yes	35614	f6e6a1f7f3956065	2		executable specification for core algorithm behavior	status complete; output exists; item_id present in assigned output
ENHANCE_RLCR_WITH_REVIEW_LOOP-HZ-060	file	tests/test-plan-file-validation.sh	agent_30	complete	[x]	research_runs/2026-06-19_humanize_branch_1to1/agents/agent_30/output.md	2	yes	22893	d4398bc2dd203b12	2		executable specification for core algorithm behavior	status complete; output exists; item_id present in assigned output
ENHANCE_RLCR_WITH_REVIEW_LOOP-HZ-061	file	tests/test-pr-loop-hooks.sh	agent_01	complete	[x]	research_runs/2026-06-19_humanize_branch_1to1/agents/agent_01/output.md	1	yes	51873	c12959f78138fd58	2		executable specification for core algorithm behavior	status complete; output exists; item_id present in assigned output
ENHANCE_RLCR_WITH_REVIEW_LOOP-HZ-062	file	tests/test-pr-loop-lib.sh	agent_02	complete	[x]	research_runs/2026-06-19_humanize_branch_1to1/agents/agent_02/output.md	2	yes	4240	02bf950ecbb3e2f6	2		executable specification for core algorithm behavior	status complete; output exists; item_id present in assigned output
ENHANCE_RLCR_WITH_REVIEW_LOOP-HZ-063	file	tests/test-pr-loop-scripts.sh	agent_03	complete	[x]	research_runs/2026-06-19_humanize_branch_1to1/agents/agent_03/output.md	1	yes	12471	58580d83af4188a2	2		executable specification for core algorithm behavior	status complete; output exists; item_id present in assigned output
ENHANCE_RLCR_WITH_REVIEW_LOOP-HZ-064	file	tests/test-pr-loop-stophook.sh	agent_04	complete	[x]	research_runs/2026-06-19_humanize_branch_1to1/agents/agent_04/output.md	1	yes	55475	0923d80c41b7ca58	2		executable specification for core algorithm behavior	status complete; output exists; item_id present in assigned output
ENHANCE_RLCR_WITH_REVIEW_LOOP-HZ-065	file	tests/test-pr-loop-system.sh	agent_05	complete	[x]	research_runs/2026-06-19_humanize_branch_1to1/agents/agent_05/output.md	1	yes	66605	3f8376ce2081c5a4	2		executable specification for core algorithm behavior	status complete; output exists; item_id present in assigned output
ENHANCE_RLCR_WITH_REVIEW_LOOP-HZ-066	file	tests/test-pr-loop.sh	agent_06	complete	[x]	research_runs/2026-06-19_humanize_branch_1to1/agents/agent_06/output.md	1	yes	1302	bec07f08c9159e35	2		executable specification for core algorithm behavior	status complete; output exists; item_id present in assigned output
ENHANCE_RLCR_WITH_REVIEW_LOOP-HZ-067	file	tests/test-state-exit-naming.sh	agent_07	complete	[x]	research_runs/2026-06-19_humanize_branch_1to1/agents/agent_07/output.md	2	yes	9039	4845ffa1c861e410	2		executable specification for core algorithm behavior	status complete; output exists; item_id present in assigned output
ENHANCE_RLCR_WITH_REVIEW_LOOP-HZ-068	file	tests/test-template-loader.sh	agent_08	complete	[x]	research_runs/2026-06-19_humanize_branch_1to1/agents/agent_08/output.md	1	yes	21290	a2219c383c2a1de7	2		executable specification for core algorithm behavior	status complete; output exists; item_id present in assigned output
ENHANCE_RLCR_WITH_REVIEW_LOOP-HZ-069	file	tests/test-template-references.sh	agent_09	complete	[x]	research_runs/2026-06-19_humanize_branch_1to1/agents/agent_09/output.md	1	yes	7095	8472a7490cad3071	2		executable specification for core algorithm behavior	status complete; output exists; item_id present in assigned output
ENHANCE_RLCR_WITH_REVIEW_LOOP-HZ-070	file	tests/test-templates-comprehensive.sh	agent_10	complete	[x]	research_runs/2026-06-19_humanize_branch_1to1/agents/agent_10/output.md	1	yes	19978	6886fbefd58a6798	2		executable specification for core algorithm behavior	status complete; output exists; item_id present in assigned output
ENHANCE_RLCR_WITH_REVIEW_LOOP-HZ-071	file	tests/test-todo-checker.sh	agent_11	complete	[x]	research_runs/2026-06-19_humanize_branch_1to1/agents/agent_11/output.md	1	yes	10313	538a4cf151995ea8	2		executable specification for core algorithm behavior	status complete; output exists; item_id present in assigned output
ENHANCE_RLCR_WITH_REVIEW_LOOP-HZ-072	file	tests/test-zsh-monitor-safety.sh	agent_12	complete	[x]	research_runs/2026-06-19_humanize_branch_1to1/agents/agent_12/output.md	1	yes	10665	9dc833ff915ba169	2		executable specification for core algorithm behavior	status complete; output exists; item_id present in assigned output
ENHANCE_RLCR_WITH_REVIEW_LOOP-HZ-073	file	hooks/lib/loop-common.sh	agent_13	complete	[x]	research_runs/2026-06-19_humanize_branch_1to1/agents/agent_13/output.md	1	yes	49128	357b97a78be1dc77	3		hook or validator implementation for the RLCR state machine	status complete; output exists; item_id present in assigned output
ENHANCE_RLCR_WITH_REVIEW_LOOP-HZ-074	file	hooks/lib/template-loader.sh	agent_14	complete	[x]	research_runs/2026-06-19_humanize_branch_1to1/agents/agent_14/output.md	1	yes	7114	5b3f234b6593e793	3		hook or validator implementation for the RLCR state machine	status complete; output exists; item_id present in assigned output
ENHANCE_RLCR_WITH_REVIEW_LOOP-HZ-075	file	prompt-template/block/claude-eyes-timeout.md	agent_15	complete	[x]	research_runs/2026-06-19_humanize_branch_1to1/agents/agent_15/output.md	1	yes	776	8dea4f1564e9cc93	3		prompt/block template defining algorithmic transitions, gates, or review contracts	status complete; output exists; item_id present in assigned output
ENHANCE_RLCR_WITH_REVIEW_LOOP-HZ-076	file	prompt-template/block/codex-review-failed.md	agent_16	complete	[x]	research_runs/2026-06-19_humanize_branch_1to1/agents/agent_16/output.md	1	yes	441	da0e92480e856991	3		prompt/block template defining algorithmic transitions, gates, or review contracts	status complete; output exists; item_id present in assigned output
ENHANCE_RLCR_WITH_REVIEW_LOOP-HZ-077	file	prompt-template/block/finalize-state-file-modification.md	agent_17	complete	[x]	research_runs/2026-06-19_humanize_branch_1to1/agents/agent_17/output.md	1	yes	344	3a8a62ecc2f2239d	3		prompt/block template defining algorithmic transitions, gates, or review contracts	status complete; output exists; item_id present in assigned output
ENHANCE_RLCR_WITH_REVIEW_LOOP-HZ-078	file	prompt-template/block/force-push-detected.md	agent_18	complete	[x]	research_runs/2026-06-19_humanize_branch_1to1/agents/agent_18/output.md	2	yes	630	51c9a939f5fdc13d	3		prompt/block template defining algorithmic transitions, gates, or review contracts	status complete; output exists; item_id present in assigned output
ENHANCE_RLCR_WITH_REVIEW_LOOP-HZ-079	file	prompt-template/block/git-add-humanize.md	agent_19	complete	[x]	research_runs/2026-06-19_humanize_branch_1to1/agents/agent_19/output.md	1	yes	1125	21d13f820049a58a	3		prompt/block template defining algorithmic transitions, gates, or review contracts	status complete; output exists; item_id present in assigned output
ENHANCE_RLCR_WITH_REVIEW_LOOP-HZ-080	file	prompt-template/block/git-not-clean-humanize-local.md	agent_20	complete	[x]	research_runs/2026-06-19_humanize_branch_1to1/agents/agent_20/output.md	1	yes	237	3560783ce38f0173	3		prompt/block template defining algorithmic transitions, gates, or review contracts	status complete; output exists; item_id present in assigned output
ENHANCE_RLCR_WITH_REVIEW_LOOP-HZ-081	file	prompt-template/block/git-not-clean-untracked.md	agent_21	complete	[x]	research_runs/2026-06-19_humanize_branch_1to1/agents/agent_21/output.md	1	yes	451	f43695d9bf683067	3		prompt/block template defining algorithmic transitions, gates, or review contracts	status complete; output exists; item_id present in assigned output
ENHANCE_RLCR_WITH_REVIEW_LOOP-HZ-082	file	prompt-template/block/git-not-clean.md	agent_22	complete	[x]	research_runs/2026-06-19_humanize_branch_1to1/agents/agent_22/output.md	1	yes	817	27fdbf4b61e9c3e8	3		prompt/block template defining algorithmic transitions, gates, or review contracts	status complete; output exists; item_id present in assigned output
ENHANCE_RLCR_WITH_REVIEW_LOOP-HZ-083	file	prompt-template/block/git-push.md	agent_23	complete	[x]	research_runs/2026-06-19_humanize_branch_1to1/agents/agent_23/output.md	1	yes	270	6f6a914581c44bf4	3		prompt/block template defining algorithmic transitions, gates, or review contracts	status complete; output exists; item_id present in assigned output
ENHANCE_RLCR_WITH_REVIEW_LOOP-HZ-084	file	prompt-template/block/git-status-failed.md	agent_24	complete	[x]	research_runs/2026-06-19_humanize_branch_1to1/agents/agent_24/output.md	1	yes	326	148c7f2135627ce2	3		prompt/block template defining algorithmic transitions, gates, or review contracts	status complete; output exists; item_id present in assigned output
ENHANCE_RLCR_WITH_REVIEW_LOOP-HZ-085	file	prompt-template/block/goal-tracker-bash-write.md	agent_25	complete	[x]	research_runs/2026-06-19_humanize_branch_1to1/agents/agent_25/output.md	1	yes	289	10bd3180103232ab	3		prompt/block template defining algorithmic transitions, gates, or review contracts	status complete; output exists; item_id present in assigned output
ENHANCE_RLCR_WITH_REVIEW_LOOP-HZ-086	file	prompt-template/block/goal-tracker-modification.md	agent_26	complete	[x]	research_runs/2026-06-19_humanize_branch_1to1/agents/agent_26/output.md	1	yes	792	f1ba1e1d57f10f0e	3		prompt/block template defining algorithmic transitions, gates, or review contracts	status complete; output exists; item_id present in assigned output
ENHANCE_RLCR_WITH_REVIEW_LOOP-HZ-087	file	prompt-template/block/goal-tracker-not-initialized.md	agent_27	complete	[x]	research_runs/2026-06-19_humanize_branch_1to1/agents/agent_27/output.md	2	yes	707	8e0704adfd34a85f	3		prompt/block template defining algorithmic transitions, gates, or review contracts	status complete; output exists; item_id present in assigned output
ENHANCE_RLCR_WITH_REVIEW_LOOP-HZ-088	file	prompt-template/block/incomplete-todos.md	agent_28	complete	[x]	research_runs/2026-06-19_humanize_branch_1to1/agents/agent_28/output.md	2	yes	442	6f11cb221b60ef09	3		prompt/block template defining algorithmic transitions, gates, or review contracts	status complete; output exists; item_id present in assigned output
ENHANCE_RLCR_WITH_REVIEW_LOOP-HZ-089	file	prompt-template/block/large-files.md	agent_29	complete	[x]	research_runs/2026-06-19_humanize_branch_1to1/agents/agent_29/output.md	2	yes	1088	4959ab05fe8db151	3		prompt/block template defining algorithmic transitions, gates, or review contracts	status complete; output exists; item_id present in assigned output
ENHANCE_RLCR_WITH_REVIEW_LOOP-HZ-090	file	prompt-template/block/no-trigger-comment.md	agent_30	complete	[x]	research_runs/2026-06-19_humanize_branch_1to1/agents/agent_30/output.md	2	yes	515	7c9e5455ad408aa7	3		prompt/block template defining algorithmic transitions, gates, or review contracts	status complete; output exists; item_id present in assigned output
ENHANCE_RLCR_WITH_REVIEW_LOOP-HZ-091	file	prompt-template/block/plan-backup-protected.md	agent_01	complete	[x]	research_runs/2026-06-19_humanize_branch_1to1/agents/agent_01/output.md	1	yes	259	dd28f560f117299c	3		prompt/block template defining algorithmic transitions, gates, or review contracts	status complete; output exists; item_id present in assigned output
ENHANCE_RLCR_WITH_REVIEW_LOOP-HZ-092	file	prompt-template/block/plan-file-modified.md	agent_02	complete	[x]	research_runs/2026-06-19_humanize_branch_1to1/agents/agent_02/output.md	2	yes	383	7d2771f111a51284	3		prompt/block template defining algorithmic transitions, gates, or review contracts	status complete; output exists; item_id present in assigned output
ENHANCE_RLCR_WITH_REVIEW_LOOP-HZ-093	file	prompt-template/block/pr-loop-prompt-write.md	agent_03	complete	[x]	research_runs/2026-06-19_humanize_branch_1to1/agents/agent_03/output.md	1	yes	360	7292fc54eba28998	3		prompt/block template defining algorithmic transitions, gates, or review contracts	status complete; output exists; item_id present in assigned output
ENHANCE_RLCR_WITH_REVIEW_LOOP-HZ-094	file	prompt-template/block/pr-loop-state-modification.md	agent_04	complete	[x]	research_runs/2026-06-19_humanize_branch_1to1/agents/agent_04/output.md	1	yes	329	b679405192d8447d	3		prompt/block template defining algorithmic transitions, gates, or review contracts	status complete; output exists; item_id present in assigned output
ENHANCE_RLCR_WITH_REVIEW_LOOP-HZ-095	file	prompt-template/block/prompt-file-write.md	agent_05	complete	[x]	research_runs/2026-06-19_humanize_branch_1to1/agents/agent_05/output.md	1	yes	413	646f5d69c23ad448	3		prompt/block template defining algorithmic transitions, gates, or review contracts	status complete; output exists; item_id present in assigned output
ENHANCE_RLCR_WITH_REVIEW_LOOP-HZ-096	file	prompt-template/block/schema-outdated.md	agent_06	complete	[x]	research_runs/2026-06-19_humanize_branch_1to1/agents/agent_06/output.md	1	yes	394	4703babc4c09b3a2	3		prompt/block template defining algorithmic transitions, gates, or review contracts	status complete; output exists; item_id present in assigned output
ENHANCE_RLCR_WITH_REVIEW_LOOP-HZ-097	file	prompt-template/block/state-file-modification.md	agent_07	complete	[x]	research_runs/2026-06-19_humanize_branch_1to1/agents/agent_07/output.md	2	yes	238	6bb8b47b54741bbc	3		prompt/block template defining algorithmic transitions, gates, or review contracts	status complete; output exists; item_id present in assigned output
ENHANCE_RLCR_WITH_REVIEW_LOOP-HZ-098	file	prompt-template/block/summary-bash-write.md	agent_08	complete	[x]	research_runs/2026-06-19_humanize_branch_1to1/agents/agent_08/output.md	1	yes	302	bd85ffadfbb99a46	3		prompt/block template defining algorithmic transitions, gates, or review contracts	status complete; output exists; item_id present in assigned output
ENHANCE_RLCR_WITH_REVIEW_LOOP-HZ-099	file	prompt-template/block/todos-file-access.md	agent_09	complete	[x]	research_runs/2026-06-19_humanize_branch_1to1/agents/agent_09/output.md	1	yes	253	73ab064257615c4d	3		prompt/block template defining algorithmic transitions, gates, or review contracts	status complete; output exists; item_id present in assigned output
ENHANCE_RLCR_WITH_REVIEW_LOOP-HZ-100	file	prompt-template/block/unpushed-commits.md	agent_10	complete	[x]	research_runs/2026-06-19_humanize_branch_1to1/agents/agent_10/output.md	1	yes	348	0551bb132865f477	3		prompt/block template defining algorithmic transitions, gates, or review contracts	status complete; output exists; item_id present in assigned output
ENHANCE_RLCR_WITH_REVIEW_LOOP-HZ-101	file	prompt-template/block/work-summary-missing.md	agent_11	complete	[x]	research_runs/2026-06-19_humanize_branch_1to1/agents/agent_11/output.md	1	yes	335	b436e5c7da62fb36	3		prompt/block template defining algorithmic transitions, gates, or review contracts	status complete; output exists; item_id present in assigned output
ENHANCE_RLCR_WITH_REVIEW_LOOP-HZ-102	file	prompt-template/block/wrong-directory-path.md	agent_12	complete	[x]	research_runs/2026-06-19_humanize_branch_1to1/agents/agent_12/output.md	1	yes	152	f5ef742284113e9f	3		prompt/block template defining algorithmic transitions, gates, or review contracts	status complete; output exists; item_id present in assigned output
ENHANCE_RLCR_WITH_REVIEW_LOOP-HZ-103	file	prompt-template/block/wrong-file-location.md	agent_13	complete	[x]	research_runs/2026-06-19_humanize_branch_1to1/agents/agent_13/output.md	1	yes	318	7694ce22d3e717d5	3		prompt/block template defining algorithmic transitions, gates, or review contracts	status complete; output exists; item_id present in assigned output
ENHANCE_RLCR_WITH_REVIEW_LOOP-HZ-104	file	prompt-template/block/wrong-round-file.md	agent_14	complete	[x]	research_runs/2026-06-19_humanize_branch_1to1/agents/agent_14/output.md	1	yes	343	95e644ffc2acb524	3		prompt/block template defining algorithmic transitions, gates, or review contracts	status complete; output exists; item_id present in assigned output
ENHANCE_RLCR_WITH_REVIEW_LOOP-HZ-105	file	prompt-template/block/wrong-round-number.md	agent_15	complete	[x]	research_runs/2026-06-19_humanize_branch_1to1/agents/agent_15/output.md	1	yes	225	b0cda8096b43ed73	3		prompt/block template defining algorithmic transitions, gates, or review contracts	status complete; output exists; item_id present in assigned output
ENHANCE_RLCR_WITH_REVIEW_LOOP-HZ-106	file	prompt-template/block/wrong-summary-location.md	agent_16	complete	[x]	research_runs/2026-06-19_humanize_branch_1to1/agents/agent_16/output.md	1	yes	109	631a6877e9b14def	3		prompt/block template defining algorithmic transitions, gates, or review contracts	status complete; output exists; item_id present in assigned output
ENHANCE_RLCR_WITH_REVIEW_LOOP-HZ-107	file	prompt-template/claude/finalize-phase-prompt.md	agent_17	complete	[x]	research_runs/2026-06-19_humanize_branch_1to1/agents/agent_17/output.md	1	yes	1734	7ece99d65d9aec79	3		prompt/block template defining algorithmic transitions, gates, or review contracts	status complete; output exists; item_id present in assigned output
ENHANCE_RLCR_WITH_REVIEW_LOOP-HZ-108	file	prompt-template/claude/finalize-phase-skipped-prompt.md	agent_18	complete	[x]	research_runs/2026-06-19_humanize_branch_1to1/agents/agent_18/output.md	2	yes	1605	ff4361717a698dec	3		prompt/block template defining algorithmic transitions, gates, or review contracts	status complete; output exists; item_id present in assigned output
ENHANCE_RLCR_WITH_REVIEW_LOOP-HZ-109	file	prompt-template/claude/goal-tracker-update-request.md	agent_19	complete	[x]	research_runs/2026-06-19_humanize_branch_1to1/agents/agent_19/output.md	1	yes	573	7562a836815c4e71	3		prompt/block template defining algorithmic transitions, gates, or review contracts	status complete; output exists; item_id present in assigned output
ENHANCE_RLCR_WITH_REVIEW_LOOP-HZ-110	file	prompt-template/claude/next-round-footer.md	agent_20	complete	[x]	research_runs/2026-06-19_humanize_branch_1to1/agents/agent_20/output.md	1	yes	465	8022d464c481fe85	3		prompt/block template defining algorithmic transitions, gates, or review contracts	status complete; output exists; item_id present in assigned output
ENHANCE_RLCR_WITH_REVIEW_LOOP-HZ-111	file	prompt-template/claude/next-round-prompt.md	agent_21	complete	[x]	research_runs/2026-06-19_humanize_branch_1to1/agents/agent_21/output.md	1	yes	1206	02e772f1156bd385	3		prompt/block template defining algorithmic transitions, gates, or review contracts	status complete; output exists; item_id present in assigned output
ENHANCE_RLCR_WITH_REVIEW_LOOP-HZ-112	file	prompt-template/claude/post-alignment-action-items.md	agent_22	complete	[x]	research_runs/2026-06-19_humanize_branch_1to1/agents/agent_22/output.md	1	yes	390	997a65e7b8b813f7	3		prompt/block template defining algorithmic transitions, gates, or review contracts	status complete; output exists; item_id present in assigned output
ENHANCE_RLCR_WITH_REVIEW_LOOP-HZ-113	file	prompt-template/claude/push-every-round-note.md	agent_23	complete	[x]	research_runs/2026-06-19_humanize_branch_1to1/agents/agent_23/output.md	1	yes	101	786793c424471d77	3		prompt/block template defining algorithmic transitions, gates, or review contracts	status complete; output exists; item_id present in assigned output
ENHANCE_RLCR_WITH_REVIEW_LOOP-HZ-114	file	prompt-template/claude/review-phase-prompt.md	agent_24	complete	[x]	research_runs/2026-06-19_humanize_branch_1to1/agents/agent_24/output.md	1	yes	892	57bca3e072170c1b	3		prompt/block template defining algorithmic transitions, gates, or review contracts	status complete; output exists; item_id present in assigned output
ENHANCE_RLCR_WITH_REVIEW_LOOP-HZ-115	file	prompt-template/codex/code-review-phase.md	agent_25	complete	[x]	research_runs/2026-06-19_humanize_branch_1to1/agents/agent_25/output.md	1	yes	1273	7732ef716b716cfa	3		prompt/block template defining algorithmic transitions, gates, or review contracts	status complete; output exists; item_id present in assigned output
ENHANCE_RLCR_WITH_REVIEW_LOOP-HZ-116	file	prompt-template/codex/full-alignment-review.md	agent_26	complete	[x]	research_runs/2026-06-19_humanize_branch_1to1/agents/agent_26/output.md	1	yes	4156	8de0155896227930	3		prompt/block template defining algorithmic transitions, gates, or review contracts	status complete; output exists; item_id present in assigned output
ENHANCE_RLCR_WITH_REVIEW_LOOP-HZ-117	file	prompt-template/codex/goal-tracker-update-section.md	agent_27	complete	[x]	research_runs/2026-06-19_humanize_branch_1to1/agents/agent_27/output.md	2	yes	1047	b65806939b91d326	3		prompt/block template defining algorithmic transitions, gates, or review contracts	status complete; output exists; item_id present in assigned output
ENHANCE_RLCR_WITH_REVIEW_LOOP-HZ-118	file	prompt-template/codex/regular-review.md	agent_28	complete	[x]	research_runs/2026-06-19_humanize_branch_1to1/agents/agent_28/output.md	2	yes	3898	0e1832561c8c6381	3		prompt/block template defining algorithmic transitions, gates, or review contracts	status complete; output exists; item_id present in assigned output
ENHANCE_RLCR_WITH_REVIEW_LOOP-HZ-119	file	prompt-template/plan/gen-plan-template.md	agent_29	complete	[x]	research_runs/2026-06-19_humanize_branch_1to1/agents/agent_29/output.md	2	yes	2959	9d4c703cb60120bc	3		prompt/block template defining algorithmic transitions, gates, or review contracts	status complete; output exists; item_id present in assigned output
ENHANCE_RLCR_WITH_REVIEW_LOOP-HZ-120	file	prompt-template/pr-loop/codex-goal-tracker-update.md	agent_30	complete	[x]	research_runs/2026-06-19_humanize_branch_1to1/agents/agent_30/output.md	2	yes	2008	5243ce9a0b095b92	3		prompt/block template defining algorithmic transitions, gates, or review contracts	status complete; output exists; item_id present in assigned output
ENHANCE_RLCR_WITH_REVIEW_LOOP-HZ-121	file	prompt-template/pr-loop/critical-requirements-has-comments.md	agent_01	complete	[x]	research_runs/2026-06-19_humanize_branch_1to1/agents/agent_01/output.md	1	yes	654	25fa79c23496b68b	3		prompt/block template defining algorithmic transitions, gates, or review contracts	status complete; output exists; item_id present in assigned output
ENHANCE_RLCR_WITH_REVIEW_LOOP-HZ-122	file	prompt-template/pr-loop/critical-requirements-no-comments.md	agent_02	complete	[x]	research_runs/2026-06-19_humanize_branch_1to1/agents/agent_02/output.md	2	yes	585	d29a14c30d60898b	3		prompt/block template defining algorithmic transitions, gates, or review contracts	status complete; output exists; item_id present in assigned output
ENHANCE_RLCR_WITH_REVIEW_LOOP-HZ-123	file	prompt-template/pr-loop/goal-tracker-initial.md	agent_03	complete	[x]	research_runs/2026-06-19_humanize_branch_1to1/agents/agent_03/output.md	1	yes	725	4489e2fdf92f879d	3		prompt/block template defining algorithmic transitions, gates, or review contracts	status complete; output exists; item_id present in assigned output
ENHANCE_RLCR_WITH_REVIEW_LOOP-HZ-124	file	prompt-template/pr-loop/round-0-header.md	agent_04	complete	[x]	research_runs/2026-06-19_humanize_branch_1to1/agents/agent_04/output.md	1	yes	333	31e5f99f1dc163a6	3		prompt/block template defining algorithmic transitions, gates, or review contracts	status complete; output exists; item_id present in assigned output
ENHANCE_RLCR_WITH_REVIEW_LOOP-HZ-125	file	prompt-template/pr-loop/round-0-task-has-comments.md	agent_05	complete	[x]	research_runs/2026-06-19_humanize_branch_1to1/agents/agent_05/output.md	1	yes	1390	20d190147f779e4f	3		prompt/block template defining algorithmic transitions, gates, or review contracts	status complete; output exists; item_id present in assigned output
ENHANCE_RLCR_WITH_REVIEW_LOOP-HZ-126	file	prompt-template/pr-loop/round-0-task-no-comments.md	agent_06	complete	[x]	research_runs/2026-06-19_humanize_branch_1to1/agents/agent_06/output.md	1	yes	1066	c184172250797df4	3		prompt/block template defining algorithmic transitions, gates, or review contracts	status complete; output exists; item_id present in assigned output
ENHANCE_RLCR_WITH_REVIEW_LOOP-HZ-127	file	scripts/lib/monitor-common.sh	agent_07	complete	[x]	research_runs/2026-06-19_humanize_branch_1to1/agents/agent_07/output.md	2	yes	17436	100cc115eebc5d20	3		runtime script implementing workflow, routing, monitor, validation, or state behavior	status complete; output exists; item_id present in assigned output
ENHANCE_RLCR_WITH_REVIEW_LOOP-HZ-128	file	tests/robustness/test-base-branch-detection.sh	agent_08	complete	[x]	research_runs/2026-06-19_humanize_branch_1to1/agents/agent_08/output.md	1	yes	6042	8f1b2a450a732504	3		executable specification for core algorithm behavior	status complete; output exists; item_id present in assigned output
ENHANCE_RLCR_WITH_REVIEW_LOOP-HZ-129	file	tests/robustness/test-cancel-security-robustness.sh	agent_09	complete	[x]	research_runs/2026-06-19_humanize_branch_1to1/agents/agent_09/output.md	1	yes	14738	7a605131df07cf26	3		executable specification for core algorithm behavior	status complete; output exists; item_id present in assigned output
ENHANCE_RLCR_WITH_REVIEW_LOOP-HZ-130	file	tests/robustness/test-git-operations-robustness.sh	agent_10	complete	[x]	research_runs/2026-06-19_humanize_branch_1to1/agents/agent_10/output.md	1	yes	14267	fcf81f78483f8332	3		executable specification for core algorithm behavior	status complete; output exists; item_id present in assigned output
ENHANCE_RLCR_WITH_REVIEW_LOOP-HZ-131	file	tests/robustness/test-goal-tracker-robustness.sh	agent_11	complete	[x]	research_runs/2026-06-19_humanize_branch_1to1/agents/agent_11/output.md	1	yes	13967	4773c65cd8819d5c	3		executable specification for core algorithm behavior	status complete; output exists; item_id present in assigned output
ENHANCE_RLCR_WITH_REVIEW_LOOP-HZ-132	file	tests/robustness/test-hook-input-robustness.sh	agent_12	complete	[x]	research_runs/2026-06-19_humanize_branch_1to1/agents/agent_12/output.md	1	yes	22458	bd62ce59be3cb3a4	3		executable specification for core algorithm behavior	status complete; output exists; item_id present in assigned output
ENHANCE_RLCR_WITH_REVIEW_LOOP-HZ-133	file	tests/robustness/test-path-validation-robustness.sh	agent_13	complete	[x]	research_runs/2026-06-19_humanize_branch_1to1/agents/agent_13/output.md	1	yes	12849	df05e1d3a344e4ff	3		executable specification for core algorithm behavior	status complete; output exists; item_id present in assigned output
ENHANCE_RLCR_WITH_REVIEW_LOOP-HZ-134	file	tests/robustness/test-plan-file-robustness.sh	agent_14	complete	[x]	research_runs/2026-06-19_humanize_branch_1to1/agents/agent_14/output.md	1	yes	14625	270008862c56803b	3		executable specification for core algorithm behavior	status complete; output exists; item_id present in assigned output
ENHANCE_RLCR_WITH_REVIEW_LOOP-HZ-135	file	tests/robustness/test-session-robustness.sh	agent_15	complete	[x]	research_runs/2026-06-19_humanize_branch_1to1/agents/agent_15/output.md	1	yes	10008	6f8a86db334733e4	3		executable specification for core algorithm behavior	status complete; output exists; item_id present in assigned output
ENHANCE_RLCR_WITH_REVIEW_LOOP-HZ-136	file	tests/robustness/test-state-file-robustness.sh	agent_16	complete	[x]	research_runs/2026-06-19_humanize_branch_1to1/agents/agent_16/output.md	1	yes	11638	8ca7c90728279c84	3		executable specification for core algorithm behavior	status complete; output exists; item_id present in assigned output
ENHANCE_RLCR_WITH_REVIEW_LOOP-HZ-137	file	tests/robustness/test-template-stress-robustness.sh	agent_17	complete	[x]	research_runs/2026-06-19_humanize_branch_1to1/agents/agent_17/output.md	1	yes	8882	8df6f3689da68172	3		executable specification for core algorithm behavior	status complete; output exists; item_id present in assigned output
ENHANCE_RLCR_WITH_REVIEW_LOOP-HZ-138	file	tests/robustness/test-timeout-robustness.sh	agent_18	complete	[x]	research_runs/2026-06-19_humanize_branch_1to1/agents/agent_18/output.md	2	yes	7794	f97a9e59be243845	3		executable specification for core algorithm behavior	status complete; output exists; item_id present in assigned output
