item_id	path_type	path	assigned_agent	status	master_state	output_rel	item_id_mentions	has_item_heading	bytes	sha16	depth	core_descendant_files	reason	master_evidence
HZ-001	directory	.	agent_01	complete	[x]	research_runs/2026-06-19_humanize_core_1to1/agents/agent_01/output.md	2	yes	1710486	-	0	176	directory contains included core algorithm descendant(s)	status complete; output exists; item_id present in assigned output
HZ-002	directory	agents	agent_02	complete	[x]	research_runs/2026-06-19_humanize_core_1to1/agents/agent_02/output.md	2	yes	12261	-	1	4	directory contains included core algorithm descendant(s)	status complete; output exists; item_id present in assigned output
HZ-003	directory	commands	agent_03	complete	[x]	research_runs/2026-06-19_humanize_core_1to1/agents/agent_03/output.md	1	yes	81130	-	1	5	directory contains included core algorithm descendant(s)	status complete; output exists; item_id present in assigned output
HZ-004	directory	config	agent_04	complete	[x]	research_runs/2026-06-19_humanize_core_1to1/agents/agent_04/output.md	1	yes	562	-	1	2	directory contains included core algorithm descendant(s)	status complete; output exists; item_id present in assigned output
HZ-005	directory	docs	agent_05	complete	[x]	research_runs/2026-06-19_humanize_core_1to1/agents/agent_05/output.md	1	yes	17553	-	1	2	directory contains included core algorithm descendant(s)	status complete; output exists; item_id present in assigned output
HZ-006	directory	hooks	agent_06	complete	[x]	research_runs/2026-06-19_humanize_core_1to1/agents/agent_06/output.md	1	yes	273941	-	1	14	directory contains included core algorithm descendant(s)	status complete; output exists; item_id present in assigned output
HZ-007	directory	prompt-template	agent_07	complete	[x]	research_runs/2026-06-19_humanize_core_1to1/agents/agent_07/output.md	2	yes	60894	-	1	64	directory contains included core algorithm descendant(s)	status complete; output exists; item_id present in assigned output
HZ-008	directory	scripts	agent_08	complete	[x]	research_runs/2026-06-19_humanize_core_1to1/agents/agent_08/output.md	1	yes	260657	-	1	18	directory contains included core algorithm descendant(s)	status complete; output exists; item_id present in assigned output
HZ-009	directory	skills	agent_09	complete	[x]	research_runs/2026-06-19_humanize_core_1to1/agents/agent_09/output.md	1	yes	25778	-	1	6	directory contains included core algorithm descendant(s)	status complete; output exists; item_id present in assigned output
HZ-010	directory	templates	agent_10	complete	[x]	research_runs/2026-06-19_humanize_core_1to1/agents/agent_10/output.md	1	yes	687	-	1	1	directory contains included core algorithm descendant(s)	status complete; output exists; item_id present in assigned output
HZ-011	directory	tests	agent_11	complete	[x]	research_runs/2026-06-19_humanize_core_1to1/agents/agent_11/output.md	1	yes	972913	-	1	59	directory contains included core algorithm descendant(s)	status complete; output exists; item_id present in assigned output
HZ-012	file	README.md	agent_12	complete	[x]	research_runs/2026-06-19_humanize_core_1to1/agents/agent_12/output.md	1	yes	4110	4b44ff91b7c47961	0		behavior-defining documentation for workflow/state-machine algorithms	status complete; output exists; item_id present in assigned output
HZ-013	directory	hooks/lib	agent_13	complete	[x]	research_runs/2026-06-19_humanize_core_1to1/agents/agent_13/output.md	1	yes	101773	-	2	5	directory contains included core algorithm descendant(s)	status complete; output exists; item_id present in assigned output
HZ-014	directory	prompt-template/block	agent_14	complete	[x]	research_runs/2026-06-19_humanize_core_1to1/agents/agent_14/output.md	2	yes	16588	-	2	42	directory contains included core algorithm descendant(s)	status complete; output exists; item_id present in assigned output
HZ-015	directory	prompt-template/claude	agent_15	complete	[x]	research_runs/2026-06-19_humanize_core_1to1/agents/agent_15/output.md	1	yes	22925	-	2	14	directory contains included core algorithm descendant(s)	status complete; output exists; item_id present in assigned output
HZ-016	directory	prompt-template/codex	agent_16	complete	[x]	research_runs/2026-06-19_humanize_core_1to1/agents/agent_16/output.md	1	yes	12759	-	2	5	directory contains included core algorithm descendant(s)	status complete; output exists; item_id present in assigned output
HZ-017	directory	prompt-template/idea	agent_17	complete	[x]	research_runs/2026-06-19_humanize_core_1to1/agents/agent_17/output.md	1	yes	356	-	2	1	directory contains included core algorithm descendant(s)	status complete; output exists; item_id present in assigned output
HZ-018	directory	prompt-template/plan	agent_18	complete	[x]	research_runs/2026-06-19_humanize_core_1to1/agents/agent_18/output.md	1	yes	8266	-	2	2	directory contains included core algorithm descendant(s)	status complete; output exists; item_id present in assigned output
HZ-019	directory	scripts/lib	agent_19	complete	[x]	research_runs/2026-06-19_humanize_core_1to1/agents/agent_19/output.md	3	yes	42166	-	2	4	directory contains included core algorithm descendant(s)	status complete; output exists; item_id present in assigned output
HZ-020	directory	skills/ask-codex	agent_20	complete	[x]	research_runs/2026-06-19_humanize_core_1to1/agents/agent_20/output.md	2	yes	1983	-	2	1	directory contains included core algorithm descendant(s)	status complete; output exists; item_id present in assigned output
HZ-021	directory	skills/ask-gemini	agent_21	complete	[x]	research_runs/2026-06-19_humanize_core_1to1/agents/agent_21/output.md	1	yes	2410	-	2	1	directory contains included core algorithm descendant(s)	status complete; output exists; item_id present in assigned output
HZ-022	directory	skills/humanize	agent_22	complete	[x]	research_runs/2026-06-19_humanize_core_1to1/agents/agent_22/output.md	1	yes	7446	-	2	1	directory contains included core algorithm descendant(s)	status complete; output exists; item_id present in assigned output
HZ-023	directory	skills/humanize-gen-plan	agent_23	complete	[x]	research_runs/2026-06-19_humanize_core_1to1/agents/agent_23/output.md	1	yes	3958	-	2	1	directory contains included core algorithm descendant(s)	status complete; output exists; item_id present in assigned output
HZ-024	directory	skills/humanize-refine-plan	agent_24	complete	[x]	research_runs/2026-06-19_humanize_core_1to1/agents/agent_24/output.md	2	yes	6293	-	2	1	directory contains included core algorithm descendant(s)	status complete; output exists; item_id present in assigned output
HZ-025	directory	skills/humanize-rlcr	agent_25	complete	[x]	research_runs/2026-06-19_humanize_core_1to1/agents/agent_25/output.md	1	yes	3688	-	2	1	directory contains included core algorithm descendant(s)	status complete; output exists; item_id present in assigned output
HZ-026	directory	tests/robustness	agent_26	complete	[x]	research_runs/2026-06-19_humanize_core_1to1/agents/agent_26/output.md	1	yes	256955	-	2	16	directory contains included core algorithm descendant(s)	status complete; output exists; item_id present in assigned output
HZ-027	file	agents/bitlesson-selector.md	agent_27	complete	[x]	research_runs/2026-06-19_humanize_core_1to1/agents/agent_27/output.md	1	yes	1444	d047d095022bef7a	2		agent prompt/policy file defining review or planning behavior	status complete; output exists; item_id present in assigned output
HZ-028	file	agents/draft-relevance-checker.md	agent_28	complete	[x]	research_runs/2026-06-19_humanize_core_1to1/agents/agent_28/output.md	2	yes	1788	98f5a6a069791828	2		agent prompt/policy file defining review or planning behavior	status complete; output exists; item_id present in assigned output
HZ-029	file	agents/plan-compliance-checker.md	agent_29	complete	[x]	research_runs/2026-06-19_humanize_core_1to1/agents/agent_29/output.md	1	yes	3619	f0bd96dcc65b6130	2		agent prompt/policy file defining review or planning behavior	status complete; output exists; item_id present in assigned output
HZ-030	file	agents/plan-understanding-quiz.md	agent_30	complete	[x]	research_runs/2026-06-19_humanize_core_1to1/agents/agent_30/output.md	1	yes	5410	94c1d37780effdd0	2		agent prompt/policy file defining review or planning behavior	status complete; output exists; item_id present in assigned output
HZ-031	file	commands/cancel-rlcr-loop.md	agent_01	complete	[x]	research_runs/2026-06-19_humanize_core_1to1/agents/agent_01/output.md	2	yes	2060	3346e34ef785b02c	2		command workflow definition for plan/RLCR algorithms	status complete; output exists; item_id present in assigned output
HZ-032	file	commands/gen-idea.md	agent_02	complete	[x]	research_runs/2026-06-19_humanize_core_1to1/agents/agent_02/output.md	2	yes	11186	997a93ed2991e5f8	2		command workflow definition for plan/RLCR algorithms	status complete; output exists; item_id present in assigned output
HZ-033	file	commands/gen-plan.md	agent_03	complete	[x]	research_runs/2026-06-19_humanize_core_1to1/agents/agent_03/output.md	1	yes	33068	764e6d690a4f2f25	2		command workflow definition for plan/RLCR algorithms	status complete; output exists; item_id present in assigned output
HZ-034	file	commands/refine-plan.md	agent_04	complete	[x]	research_runs/2026-06-19_humanize_core_1to1/agents/agent_04/output.md	1	yes	23115	cb55fada000f8ae4	2		command workflow definition for plan/RLCR algorithms	status complete; output exists; item_id present in assigned output
HZ-035	file	commands/start-rlcr-loop.md	agent_05	complete	[x]	research_runs/2026-06-19_humanize_core_1to1/agents/agent_05/output.md	1	yes	11701	8811785765cdb487	2		command workflow definition for plan/RLCR algorithms	status complete; output exists; item_id present in assigned output
HZ-036	file	config/codex-hooks.json	agent_06	complete	[x]	research_runs/2026-06-19_humanize_core_1to1/agents/agent_06/output.md	1	yes	383	5876dc9d0d6f89a6	2		runtime configuration or hook schema participating in gates/routing	status complete; output exists; item_id present in assigned output
HZ-037	file	config/default_config.json	agent_07	complete	[x]	research_runs/2026-06-19_humanize_core_1to1/agents/agent_07/output.md	2	yes	179	f02b951e7ce02c5d	2		runtime configuration or hook schema participating in gates/routing	status complete; output exists; item_id present in assigned output
HZ-038	file	docs/bitlesson.md	agent_08	complete	[x]	research_runs/2026-06-19_humanize_core_1to1/agents/agent_08/output.md	1	yes	1896	5e0accc0ae90aae0	2		behavior-defining documentation for workflow/state-machine algorithms	status complete; output exists; item_id present in assigned output
HZ-039	file	docs/usage.md	agent_09	complete	[x]	research_runs/2026-06-19_humanize_core_1to1/agents/agent_09/output.md	1	yes	15657	99765bddce65393b	2		behavior-defining documentation for workflow/state-machine algorithms	status complete; output exists; item_id present in assigned output
HZ-040	file	hooks/check-todos-from-transcript.py	agent_10	complete	[x]	research_runs/2026-06-19_humanize_core_1to1/agents/agent_10/output.md	1	yes	7509	8cabe046e7a6cfda	2		hook or validator implementation for the RLCR state machine	status complete; output exists; item_id present in assigned output
HZ-041	file	hooks/hooks.json	agent_11	complete	[x]	research_runs/2026-06-19_humanize_core_1to1/agents/agent_11/output.md	1	yes	1633	cdf5736bc5c9a19e	2		hook or validator implementation for the RLCR state machine	status complete; output exists; item_id present in assigned output
HZ-042	file	hooks/loop-bash-validator.sh	agent_12	complete	[x]	research_runs/2026-06-19_humanize_core_1to1/agents/agent_12/output.md	1	yes	24518	f62f30be5e4c4809	2		hook or validator implementation for the RLCR state machine	status complete; output exists; item_id present in assigned output
HZ-043	file	hooks/loop-codex-stop-hook.sh	agent_13	complete	[x]	research_runs/2026-06-19_humanize_core_1to1/agents/agent_13/output.md	1	yes	87426	c65c1df5891c1f64	2		hook or validator implementation for the RLCR state machine	status complete; output exists; item_id present in assigned output
HZ-044	file	hooks/loop-edit-validator.sh	agent_14	complete	[x]	research_runs/2026-06-19_humanize_core_1to1/agents/agent_14/output.md	3	yes	10408	03a77b893a2e46e9	2		hook or validator implementation for the RLCR state machine	status complete; output exists; item_id present in assigned output
HZ-045	file	hooks/loop-plan-file-validator.sh	agent_15	complete	[x]	research_runs/2026-06-19_humanize_core_1to1/agents/agent_15/output.md	1	yes	8082	8ec1528ecd8addec	2		hook or validator implementation for the RLCR state machine	status complete; output exists; item_id present in assigned output
HZ-046	file	hooks/loop-post-bash-hook.sh	agent_16	complete	[x]	research_runs/2026-06-19_humanize_core_1to1/agents/agent_16/output.md	1	yes	5807	b87ccf10402b3e02	2		hook or validator implementation for the RLCR state machine	status complete; output exists; item_id present in assigned output
HZ-047	file	hooks/loop-read-validator.sh	agent_17	complete	[x]	research_runs/2026-06-19_humanize_core_1to1/agents/agent_17/output.md	1	yes	12504	aa9bc8b4d758ac25	2		hook or validator implementation for the RLCR state machine	status complete; output exists; item_id present in assigned output
HZ-048	file	hooks/loop-write-validator.sh	agent_18	complete	[x]	research_runs/2026-06-19_humanize_core_1to1/agents/agent_18/output.md	1	yes	14281	be10b358a277e477	2		hook or validator implementation for the RLCR state machine	status complete; output exists; item_id present in assigned output
HZ-049	file	scripts/ask-codex.sh	agent_19	complete	[x]	research_runs/2026-06-19_humanize_core_1to1/agents/agent_19/output.md	2	yes	12042	3ff9a91c3dc0f7e9	2		runtime script implementing workflow, routing, monitor, validation, or state behavior	status complete; output exists; item_id present in assigned output
HZ-050	file	scripts/ask-gemini.sh	agent_20	complete	[x]	research_runs/2026-06-19_humanize_core_1to1/agents/agent_20/output.md	2	yes	10944	902f9310af33591e	2		runtime script implementing workflow, routing, monitor, validation, or state behavior	status complete; output exists; item_id present in assigned output
HZ-051	file	scripts/bitlesson-init.sh	agent_21	complete	[x]	research_runs/2026-06-19_humanize_core_1to1/agents/agent_21/output.md	1	yes	2136	72e985e650228e41	2		runtime script implementing workflow, routing, monitor, validation, or state behavior	status complete; output exists; item_id present in assigned output
HZ-052	file	scripts/bitlesson-select.sh	agent_22	complete	[x]	research_runs/2026-06-19_humanize_core_1to1/agents/agent_22/output.md	1	yes	7777	b626a1962563a32d	2		runtime script implementing workflow, routing, monitor, validation, or state behavior	status complete; output exists; item_id present in assigned output
HZ-053	file	scripts/bitlesson-validate-delta.sh	agent_23	complete	[x]	research_runs/2026-06-19_humanize_core_1to1/agents/agent_23/output.md	1	yes	12319	1a81ba0e37a1c81d	2		runtime script implementing workflow, routing, monitor, validation, or state behavior	status complete; output exists; item_id present in assigned output
HZ-054	file	scripts/cancel-rlcr-loop.sh	agent_24	complete	[x]	research_runs/2026-06-19_humanize_core_1to1/agents/agent_24/output.md	2	yes	5930	16e63143d712400b	2		runtime script implementing workflow, routing, monitor, validation, or state behavior	status complete; output exists; item_id present in assigned output
HZ-055	file	scripts/humanize.sh	agent_25	complete	[x]	research_runs/2026-06-19_humanize_core_1to1/agents/agent_25/output.md	1	yes	54644	fced7ddfcd97bc57	2		runtime script implementing workflow, routing, monitor, validation, or state behavior	status complete; output exists; item_id present in assigned output
HZ-056	file	scripts/portable-timeout.sh	agent_26	complete	[x]	research_runs/2026-06-19_humanize_core_1to1/agents/agent_26/output.md	1	yes	2124	3898db3e97b30b7d	2		runtime script implementing workflow, routing, monitor, validation, or state behavior	status complete; output exists; item_id present in assigned output
HZ-057	file	scripts/rlcr-stop-gate.sh	agent_27	complete	[x]	research_runs/2026-06-19_humanize_core_1to1/agents/agent_27/output.md	1	yes	6019	f538d136cbc3e925	2		runtime script implementing workflow, routing, monitor, validation, or state behavior	status complete; output exists; item_id present in assigned output
HZ-058	file	scripts/setup-rlcr-loop.sh	agent_28	complete	[x]	research_runs/2026-06-19_humanize_core_1to1/agents/agent_28/output.md	2	yes	57169	f6a53e8fb8c447cf	2		runtime script implementing workflow, routing, monitor, validation, or state behavior	status complete; output exists; item_id present in assigned output
HZ-059	file	scripts/statusline.sh	agent_29	complete	[x]	research_runs/2026-06-19_humanize_core_1to1/agents/agent_29/output.md	1	yes	13554	c60fbb6622cdf243	2		runtime script implementing workflow, routing, monitor, validation, or state behavior	status complete; output exists; item_id present in assigned output
HZ-060	file	scripts/validate-gen-idea-io.sh	agent_30	complete	[x]	research_runs/2026-06-19_humanize_core_1to1/agents/agent_30/output.md	1	yes	6333	29a5a117cd8e288a	2		runtime script implementing workflow, routing, monitor, validation, or state behavior	status complete; output exists; item_id present in assigned output
HZ-061	file	scripts/validate-gen-plan-io.sh	agent_01	complete	[x]	research_runs/2026-06-19_humanize_core_1to1/agents/agent_01/output.md	2	yes	5758	473936f2eda46a27	2		runtime script implementing workflow, routing, monitor, validation, or state behavior	status complete; output exists; item_id present in assigned output
HZ-062	file	scripts/validate-refine-plan-io.sh	agent_02	complete	[x]	research_runs/2026-06-19_humanize_core_1to1/agents/agent_02/output.md	2	yes	21742	6ba95ef8f4e02a97	2		runtime script implementing workflow, routing, monitor, validation, or state behavior	status complete; output exists; item_id present in assigned output
HZ-063	file	templates/bitlesson.md	agent_03	complete	[x]	research_runs/2026-06-19_humanize_core_1to1/agents/agent_03/output.md	1	yes	687	e22f0b61de97decf	2		template consumed by core workflow/memory algorithm	status complete; output exists; item_id present in assigned output
HZ-064	file	tests/manual-monitor-test.sh	agent_04	complete	[x]	research_runs/2026-06-19_humanize_core_1to1/agents/agent_04/output.md	1	yes	2535	7c3122cfaf16f056	2		executable specification for core algorithm behavior	status complete; output exists; item_id present in assigned output
HZ-065	file	tests/run-all-tests.sh	agent_05	complete	[x]	research_runs/2026-06-19_humanize_core_1to1/agents/agent_05/output.md	1	yes	9597	d128a6e7b478bfde	2		executable specification for core algorithm behavior	status complete; output exists; item_id present in assigned output
HZ-066	file	tests/setup-monitor-test-env.sh	agent_06	complete	[x]	research_runs/2026-06-19_humanize_core_1to1/agents/agent_06/output.md	1	yes	575	2f3be7ace75fc14f	2		executable specification for core algorithm behavior	status complete; output exists; item_id present in assigned output
HZ-067	file	tests/test-agent-teams.sh	agent_07	complete	[x]	research_runs/2026-06-19_humanize_core_1to1/agents/agent_07/output.md	2	yes	24577	7b3ac69ac4999f11	2		executable specification for core algorithm behavior	status complete; output exists; item_id present in assigned output
HZ-068	file	tests/test-allowlist-validators.sh	agent_08	complete	[x]	research_runs/2026-06-19_humanize_core_1to1/agents/agent_08/output.md	1	yes	22380	7f53a2a4da231110	2		executable specification for core algorithm behavior	status complete; output exists; item_id present in assigned output
HZ-069	file	tests/test-ansi-parsing.sh	agent_09	complete	[x]	research_runs/2026-06-19_humanize_core_1to1/agents/agent_09/output.md	1	yes	5809	bb5125d2506f8f3c	2		executable specification for core algorithm behavior	status complete; output exists; item_id present in assigned output
HZ-070	file	tests/test-ask-codex.sh	agent_10	complete	[x]	research_runs/2026-06-19_humanize_core_1to1/agents/agent_10/output.md	1	yes	15982	9e307094e0b71900	2		executable specification for core algorithm behavior	status complete; output exists; item_id present in assigned output
HZ-071	file	tests/test-bash-validator-patterns.sh	agent_11	complete	[x]	research_runs/2026-06-19_humanize_core_1to1/agents/agent_11/output.md	1	yes	6666	86cf26a4d752c05c	2		executable specification for core algorithm behavior	status complete; output exists; item_id present in assigned output
HZ-072	file	tests/test-bitlesson-select-routing.sh	agent_12	complete	[x]	research_runs/2026-06-19_humanize_core_1to1/agents/agent_12/output.md	1	yes	17115	dbe8a9bd175d2d2c	2		executable specification for core algorithm behavior	status complete; output exists; item_id present in assigned output
HZ-073	file	tests/test-bitlesson-validate-delta.sh	agent_13	complete	[x]	research_runs/2026-06-19_humanize_core_1to1/agents/agent_13/output.md	1	yes	4403	f69b5485b1b4f1d8	2		executable specification for core algorithm behavior	status complete; output exists; item_id present in assigned output
HZ-074	file	tests/test-cancel-signal-file.sh	agent_14	complete	[x]	research_runs/2026-06-19_humanize_core_1to1/agents/agent_14/output.md	4	yes	44941	eb6e5689b03d5ca2	2		executable specification for core algorithm behavior	status complete; output exists; item_id present in assigned output
HZ-075	file	tests/test-codex-hook-install.sh	agent_15	complete	[x]	research_runs/2026-06-19_humanize_core_1to1/agents/agent_15/output.md	1	yes	9966	f81895e83bbec31c	2		executable specification for core algorithm behavior	status complete; output exists; item_id present in assigned output
HZ-076	file	tests/test-codex-review-merge.sh	agent_16	complete	[x]	research_runs/2026-06-19_humanize_core_1to1/agents/agent_16/output.md	1	yes	11000	749edbe22200b426	2		executable specification for core algorithm behavior	status complete; output exists; item_id present in assigned output
HZ-077	file	tests/test-commit-history-section.sh	agent_17	complete	[x]	research_runs/2026-06-19_humanize_core_1to1/agents/agent_17/output.md	1	yes	10729	e847d523cdd694a6	2		executable specification for core algorithm behavior	status complete; output exists; item_id present in assigned output
HZ-078	file	tests/test-config-error-handling.sh	agent_18	complete	[x]	research_runs/2026-06-19_humanize_core_1to1/agents/agent_18/output.md	1	yes	6134	07844141e6b7182e	2		executable specification for core algorithm behavior	status complete; output exists; item_id present in assigned output
HZ-079	file	tests/test-config-merge.sh	agent_19	complete	[x]	research_runs/2026-06-19_humanize_core_1to1/agents/agent_19/output.md	2	yes	7516	9f19072cfd049226	2		executable specification for core algorithm behavior	status complete; output exists; item_id present in assigned output
HZ-080	file	tests/test-disable-nested-codex-hooks.sh	agent_20	complete	[x]	research_runs/2026-06-19_humanize_core_1to1/agents/agent_20/output.md	2	yes	5273	0530922ef6abcbb2	2		executable specification for core algorithm behavior	status complete; output exists; item_id present in assigned output
HZ-081	file	tests/test-error-scenarios.sh	agent_21	complete	[x]	research_runs/2026-06-19_humanize_core_1to1/agents/agent_21/output.md	1	yes	7699	67b707d31098f98e	2		executable specification for core algorithm behavior	status complete; output exists; item_id present in assigned output
HZ-082	file	tests/test-finalize-phase.sh	agent_22	complete	[x]	research_runs/2026-06-19_humanize_core_1to1/agents/agent_22/output.md	1	yes	40143	0e21488dc1cffc39	2		executable specification for core algorithm behavior	status complete; output exists; item_id present in assigned output
HZ-083	file	tests/test-gen-plan.sh	agent_23	complete	[x]	research_runs/2026-06-19_humanize_core_1to1/agents/agent_23/output.md	1	yes	27572	50b62f398b5c976b	2		executable specification for core algorithm behavior	status complete; output exists; item_id present in assigned output
HZ-084	file	tests/test-helpers.sh	agent_24	complete	[x]	research_runs/2026-06-19_humanize_core_1to1/agents/agent_24/output.md	2	yes	2602	50b0fda63ab2c38c	2		executable specification for core algorithm behavior	status complete; output exists; item_id present in assigned output
HZ-085	file	tests/test-humanize-escape.sh	agent_25	complete	[x]	research_runs/2026-06-19_humanize_core_1to1/agents/agent_25/output.md	1	yes	12604	dca315fb1d393a48	2		executable specification for core algorithm behavior	status complete; output exists; item_id present in assigned output
HZ-086	file	tests/test-model-router.sh	agent_26	complete	[x]	research_runs/2026-06-19_humanize_core_1to1/agents/agent_26/output.md	1	yes	13603	12701406fe1aa66a	2		executable specification for core algorithm behavior	status complete; output exists; item_id present in assigned output
HZ-087	file	tests/test-monitor-e2e-deletion.sh	agent_27	complete	[x]	research_runs/2026-06-19_humanize_core_1to1/agents/agent_27/output.md	1	yes	645	c2b7d8b48336c9a8	2		executable specification for core algorithm behavior	status complete; output exists; item_id present in assigned output
HZ-088	file	tests/test-monitor-e2e-real.sh	agent_28	complete	[x]	research_runs/2026-06-19_humanize_core_1to1/agents/agent_28/output.md	2	yes	22253	33ff34ccb2cf4882	2		executable specification for core algorithm behavior	status complete; output exists; item_id present in assigned output
HZ-089	file	tests/test-monitor-e2e-sigint.sh	agent_29	complete	[x]	research_runs/2026-06-19_humanize_core_1to1/agents/agent_29/output.md	1	yes	637	5a837229007b1445	2		executable specification for core algorithm behavior	status complete; output exists; item_id present in assigned output
HZ-090	file	tests/test-monitor-runtime.sh	agent_30	complete	[x]	research_runs/2026-06-19_humanize_core_1to1/agents/agent_30/output.md	1	yes	13290	8e49d42fd12929ac	2		executable specification for core algorithm behavior	status complete; output exists; item_id present in assigned output
HZ-091	file	tests/test-plan-file-hooks.sh	agent_01	complete	[x]	research_runs/2026-06-19_humanize_core_1to1/agents/agent_01/output.md	2	yes	38107	1a7a7353dc0110d3	2		executable specification for core algorithm behavior	status complete; output exists; item_id present in assigned output
HZ-092	file	tests/test-plan-file-validation.sh	agent_02	complete	[x]	research_runs/2026-06-19_humanize_core_1to1/agents/agent_02/output.md	2	yes	22916	f3eb7806cc46abc8	2		executable specification for core algorithm behavior	status complete; output exists; item_id present in assigned output
HZ-093	file	tests/test-refine-plan.sh	agent_03	complete	[x]	research_runs/2026-06-19_humanize_core_1to1/agents/agent_03/output.md	1	yes	58394	b41eee66028beba4	2		executable specification for core algorithm behavior	status complete; output exists; item_id present in assigned output
HZ-094	file	tests/test-session-id.sh	agent_04	complete	[x]	research_runs/2026-06-19_humanize_core_1to1/agents/agent_04/output.md	1	yes	38452	02200dd574d76b54	2		executable specification for core algorithm behavior	status complete; output exists; item_id present in assigned output
HZ-095	file	tests/test-skill-monitor.sh	agent_05	complete	[x]	research_runs/2026-06-19_humanize_core_1to1/agents/agent_05/output.md	1	yes	11569	676a4962dcec56d2	2		executable specification for core algorithm behavior	status complete; output exists; item_id present in assigned output
HZ-096	file	tests/test-state-exit-naming.sh	agent_06	complete	[x]	research_runs/2026-06-19_humanize_core_1to1/agents/agent_06/output.md	1	yes	9047	b6e4f7e1a3616e3f	2		executable specification for core algorithm behavior	status complete; output exists; item_id present in assigned output
HZ-097	file	tests/test-stop-gate.sh	agent_07	complete	[x]	research_runs/2026-06-19_humanize_core_1to1/agents/agent_07/output.md	2	yes	10477	615adf65a2f42e38	2		executable specification for core algorithm behavior	status complete; output exists; item_id present in assigned output
HZ-098	file	tests/test-stop-hook-bg-allow.sh	agent_08	complete	[x]	research_runs/2026-06-19_humanize_core_1to1/agents/agent_08/output.md	1	yes	60057	74eb02a243f0e6b9	2		executable specification for core algorithm behavior	status complete; output exists; item_id present in assigned output
HZ-099	file	tests/test-stop-hook-legacy-compat.sh	agent_09	complete	[x]	research_runs/2026-06-19_humanize_core_1to1/agents/agent_09/output.md	1	yes	6208	212805ba979ded33	2		executable specification for core algorithm behavior	status complete; output exists; item_id present in assigned output
HZ-100	file	tests/test-task-tag-routing.sh	agent_10	complete	[x]	research_runs/2026-06-19_humanize_core_1to1/agents/agent_10/output.md	1	yes	7335	984a2a427778889a	2		executable specification for core algorithm behavior	status complete; output exists; item_id present in assigned output
HZ-101	file	tests/test-template-loader.sh	agent_11	complete	[x]	research_runs/2026-06-19_humanize_core_1to1/agents/agent_11/output.md	1	yes	21298	7b3f67abcfe8c547	2		executable specification for core algorithm behavior	status complete; output exists; item_id present in assigned output
HZ-102	file	tests/test-template-references.sh	agent_12	complete	[x]	research_runs/2026-06-19_humanize_core_1to1/agents/agent_12/output.md	1	yes	7103	48b8adbaa90839c4	2		executable specification for core algorithm behavior	status complete; output exists; item_id present in assigned output
HZ-103	file	tests/test-templates-comprehensive.sh	agent_13	complete	[x]	research_runs/2026-06-19_humanize_core_1to1/agents/agent_13/output.md	1	yes	19983	fefe34c461a0219e	2		executable specification for core algorithm behavior	status complete; output exists; item_id present in assigned output
HZ-104	file	tests/test-todo-checker.sh	agent_14	complete	[x]	research_runs/2026-06-19_humanize_core_1to1/agents/agent_14/output.md	3	yes	19987	f4339c70269f1629	2		executable specification for core algorithm behavior	status complete; output exists; item_id present in assigned output
HZ-105	file	tests/test-unified-codex-config.sh	agent_15	complete	[x]	research_runs/2026-06-19_humanize_core_1to1/agents/agent_15/output.md	1	yes	28114	9f24be9bdd2f9bce	2		executable specification for core algorithm behavior	status complete; output exists; item_id present in assigned output
HZ-106	file	tests/test-zsh-monitor-safety.sh	agent_16	complete	[x]	research_runs/2026-06-19_humanize_core_1to1/agents/agent_16/output.md	1	yes	10665	9dc833ff915ba169	2		executable specification for core algorithm behavior	status complete; output exists; item_id present in assigned output
HZ-107	file	hooks/lib/loop-bg-tasks.sh	agent_17	complete	[x]	research_runs/2026-06-19_humanize_core_1to1/agents/agent_17/output.md	1	yes	19107	867d1c3d1387322c	3		hook or validator implementation for the RLCR state machine	status complete; output exists; item_id present in assigned output
HZ-108	file	hooks/lib/loop-common.sh	agent_18	complete	[x]	research_runs/2026-06-19_humanize_core_1to1/agents/agent_18/output.md	1	yes	62888	c0a693e26e33c80d	3		hook or validator implementation for the RLCR state machine	status complete; output exists; item_id present in assigned output
HZ-109	file	hooks/lib/methodology-analysis.sh	agent_19	complete	[x]	research_runs/2026-06-19_humanize_core_1to1/agents/agent_19/output.md	2	yes	7465	13e5cba60ae6ef37	3		hook or validator implementation for the RLCR state machine	status complete; output exists; item_id present in assigned output
HZ-110	file	hooks/lib/project-root.sh	agent_20	complete	[x]	research_runs/2026-06-19_humanize_core_1to1/agents/agent_20/output.md	2	yes	4785	7b045d4dc646ddc3	3		hook or validator implementation for the RLCR state machine	status complete; output exists; item_id present in assigned output
HZ-111	file	hooks/lib/template-loader.sh	agent_21	complete	[x]	research_runs/2026-06-19_humanize_core_1to1/agents/agent_21/output.md	1	yes	7528	2a155f1304c9ee1b	3		hook or validator implementation for the RLCR state machine	status complete; output exists; item_id present in assigned output
HZ-112	file	prompt-template/block/bitlesson-delta-empty-kb.md	agent_22	complete	[x]	research_runs/2026-06-19_humanize_core_1to1/agents/agent_22/output.md	1	yes	302	04404f1e88d31a59	3		prompt/block template defining algorithmic transitions, gates, or review contracts	status complete; output exists; item_id present in assigned output
HZ-113	file	prompt-template/block/bitlesson-delta-inconsistent.md	agent_23	complete	[x]	research_runs/2026-06-19_humanize_core_1to1/agents/agent_23/output.md	1	yes	301	c17520c8954949f3	3		prompt/block template defining algorithmic transitions, gates, or review contracts	status complete; output exists; item_id present in assigned output
HZ-114	file	prompt-template/block/bitlesson-delta-invalid.md	agent_24	complete	[x]	research_runs/2026-06-19_humanize_core_1to1/agents/agent_24/output.md	2	yes	134	e2047b651634a87e	3		prompt/block template defining algorithmic transitions, gates, or review contracts	status complete; output exists; item_id present in assigned output
HZ-115	file	prompt-template/block/bitlesson-delta-missing-notes.md	agent_25	complete	[x]	research_runs/2026-06-19_humanize_core_1to1/agents/agent_25/output.md	1	yes	207	29a3c0bab78bc2bb	3		prompt/block template defining algorithmic transitions, gates, or review contracts	status complete; output exists; item_id present in assigned output
HZ-116	file	prompt-template/block/bitlesson-delta-missing.md	agent_26	complete	[x]	research_runs/2026-06-19_humanize_core_1to1/agents/agent_26/output.md	1	yes	244	1fcd89fce53ecd7a	3		prompt/block template defining algorithmic transitions, gates, or review contracts	status complete; output exists; item_id present in assigned output
HZ-117	file	prompt-template/block/claude-eyes-timeout.md	agent_27	complete	[x]	research_runs/2026-06-19_humanize_core_1to1/agents/agent_27/output.md	1	yes	776	8dea4f1564e9cc93	3		prompt/block template defining algorithmic transitions, gates, or review contracts	status complete; output exists; item_id present in assigned output
HZ-118	file	prompt-template/block/codex-review-failed.md	agent_28	complete	[x]	research_runs/2026-06-19_humanize_core_1to1/agents/agent_28/output.md	2	yes	441	da0e92480e856991	3		prompt/block template defining algorithmic transitions, gates, or review contracts	status complete; output exists; item_id present in assigned output
HZ-119	file	prompt-template/block/finalize-contract-access.md	agent_29	complete	[x]	research_runs/2026-06-19_humanize_core_1to1/agents/agent_29/output.md	1	yes	283	1889cc1dfe550d3d	3		prompt/block template defining algorithmic transitions, gates, or review contracts	status complete; output exists; item_id present in assigned output
HZ-120	file	prompt-template/block/finalize-state-file-modification.md	agent_30	complete	[x]	research_runs/2026-06-19_humanize_core_1to1/agents/agent_30/output.md	1	yes	344	3a8a62ecc2f2239d	3		prompt/block template defining algorithmic transitions, gates, or review contracts	status complete; output exists; item_id present in assigned output
HZ-121	file	prompt-template/block/git-add-humanize.md	agent_01	complete	[x]	research_runs/2026-06-19_humanize_core_1to1/agents/agent_01/output.md	2	yes	1125	21d13f820049a58a	3		prompt/block template defining algorithmic transitions, gates, or review contracts	status complete; output exists; item_id present in assigned output
HZ-122	file	prompt-template/block/git-not-clean-humanize-local.md	agent_02	complete	[x]	research_runs/2026-06-19_humanize_core_1to1/agents/agent_02/output.md	2	yes	237	3560783ce38f0173	3		prompt/block template defining algorithmic transitions, gates, or review contracts	status complete; output exists; item_id present in assigned output
HZ-123	file	prompt-template/block/git-not-clean-untracked.md	agent_03	complete	[x]	research_runs/2026-06-19_humanize_core_1to1/agents/agent_03/output.md	1	yes	451	f43695d9bf683067	3		prompt/block template defining algorithmic transitions, gates, or review contracts	status complete; output exists; item_id present in assigned output
HZ-124	file	prompt-template/block/git-not-clean.md	agent_04	complete	[x]	research_runs/2026-06-19_humanize_core_1to1/agents/agent_04/output.md	1	yes	945	fb656f7ab3f510f6	3		prompt/block template defining algorithmic transitions, gates, or review contracts	status complete; output exists; item_id present in assigned output
HZ-125	file	prompt-template/block/git-push.md	agent_05	complete	[x]	research_runs/2026-06-19_humanize_core_1to1/agents/agent_05/output.md	1	yes	270	6f6a914581c44bf4	3		prompt/block template defining algorithmic transitions, gates, or review contracts	status complete; output exists; item_id present in assigned output
HZ-126	file	prompt-template/block/git-status-failed.md	agent_06	complete	[x]	research_runs/2026-06-19_humanize_core_1to1/agents/agent_06/output.md	1	yes	326	148c7f2135627ce2	3		prompt/block template defining algorithmic transitions, gates, or review contracts	status complete; output exists; item_id present in assigned output
HZ-127	file	prompt-template/block/git-tracked-humanize.md	agent_07	complete	[x]	research_runs/2026-06-19_humanize_core_1to1/agents/agent_07/output.md	2	yes	530	20525452cb0c4c2d	3		prompt/block template defining algorithmic transitions, gates, or review contracts	status complete; output exists; item_id present in assigned output
HZ-128	file	prompt-template/block/goal-tracker-bash-write.md	agent_08	complete	[x]	research_runs/2026-06-19_humanize_core_1to1/agents/agent_08/output.md	1	yes	289	10bd3180103232ab	3		prompt/block template defining algorithmic transitions, gates, or review contracts	status complete; output exists; item_id present in assigned output
HZ-129	file	prompt-template/block/goal-tracker-modification.md	agent_09	complete	[x]	research_runs/2026-06-19_humanize_core_1to1/agents/agent_09/output.md	1	yes	486	cedf8127fa9b0b2c	3		prompt/block template defining algorithmic transitions, gates, or review contracts	status complete; output exists; item_id present in assigned output
HZ-130	file	prompt-template/block/goal-tracker-not-initialized.md	agent_10	complete	[x]	research_runs/2026-06-19_humanize_core_1to1/agents/agent_10/output.md	1	yes	707	8e0704adfd34a85f	3		prompt/block template defining algorithmic transitions, gates, or review contracts	status complete; output exists; item_id present in assigned output
HZ-131	file	prompt-template/block/incomplete-todos.md	agent_11	complete	[x]	research_runs/2026-06-19_humanize_core_1to1/agents/agent_11/output.md	1	yes	475	feaf308023ddea69	3		prompt/block template defining algorithmic transitions, gates, or review contracts	status complete; output exists; item_id present in assigned output
HZ-132	file	prompt-template/block/large-files.md	agent_12	complete	[x]	research_runs/2026-06-19_humanize_core_1to1/agents/agent_12/output.md	1	yes	1088	4959ab05fe8db151	3		prompt/block template defining algorithmic transitions, gates, or review contracts	status complete; output exists; item_id present in assigned output
HZ-133	file	prompt-template/block/mainline-drift-stop.md	agent_13	complete	[x]	research_runs/2026-06-19_humanize_core_1to1/agents/agent_13/output.md	1	yes	496	c0e025fae7763c71	3		prompt/block template defining algorithmic transitions, gates, or review contracts	status complete; output exists; item_id present in assigned output
HZ-134	file	prompt-template/block/mainline-verdict-missing.md	agent_14	complete	[x]	research_runs/2026-06-19_humanize_core_1to1/agents/agent_14/output.md	3	yes	408	1a2c5887478112e9	3		prompt/block template defining algorithmic transitions, gates, or review contracts	status complete; output exists; item_id present in assigned output
HZ-135	file	prompt-template/block/methodology-analysis-state-file-modification.md	agent_15	complete	[x]	research_runs/2026-06-19_humanize_core_1to1/agents/agent_15/output.md	1	yes	510	a67afdfe93064100	3		prompt/block template defining algorithmic transitions, gates, or review contracts	status complete; output exists; item_id present in assigned output
HZ-136	file	prompt-template/block/plan-backup-protected.md	agent_16	complete	[x]	research_runs/2026-06-19_humanize_core_1to1/agents/agent_16/output.md	1	yes	257	10d2563c8eb9bb40	3		prompt/block template defining algorithmic transitions, gates, or review contracts	status complete; output exists; item_id present in assigned output
HZ-137	file	prompt-template/block/plan-file-modified.md	agent_17	complete	[x]	research_runs/2026-06-19_humanize_core_1to1/agents/agent_17/output.md	1	yes	385	274695196e85d988	3		prompt/block template defining algorithmic transitions, gates, or review contracts	status complete; output exists; item_id present in assigned output
HZ-138	file	prompt-template/block/prompt-file-write.md	agent_18	complete	[x]	research_runs/2026-06-19_humanize_core_1to1/agents/agent_18/output.md	1	yes	413	646f5d69c23ad448	3		prompt/block template defining algorithmic transitions, gates, or review contracts	status complete; output exists; item_id present in assigned output
HZ-139	file	prompt-template/block/round-contract-bash-write.md	agent_19	complete	[x]	research_runs/2026-06-19_humanize_core_1to1/agents/agent_19/output.md	2	yes	155	bc85a93ca54ba040	3		prompt/block template defining algorithmic transitions, gates, or review contracts	status complete; output exists; item_id present in assigned output
HZ-140	file	prompt-template/block/round-contract-missing.md	agent_20	complete	[x]	research_runs/2026-06-19_humanize_core_1to1/agents/agent_20/output.md	2	yes	441	206a99910abdf663	3		prompt/block template defining algorithmic transitions, gates, or review contracts	status complete; output exists; item_id present in assigned output
HZ-141	file	prompt-template/block/schema-outdated.md	agent_21	complete	[x]	research_runs/2026-06-19_humanize_core_1to1/agents/agent_21/output.md	1	yes	379	8d25f8f8d616dc68	3		prompt/block template defining algorithmic transitions, gates, or review contracts	status complete; output exists; item_id present in assigned output
HZ-142	file	prompt-template/block/state-file-modification.md	agent_22	complete	[x]	research_runs/2026-06-19_humanize_core_1to1/agents/agent_22/output.md	1	yes	243	03127535b1db50dd	3		prompt/block template defining algorithmic transitions, gates, or review contracts	status complete; output exists; item_id present in assigned output
HZ-143	file	prompt-template/block/stop-hook-direct-execution.md	agent_23	complete	[x]	research_runs/2026-06-19_humanize_core_1to1/agents/agent_23/output.md	1	yes	394	b4def05ee18d6daf	3		prompt/block template defining algorithmic transitions, gates, or review contracts	status complete; output exists; item_id present in assigned output
HZ-144	file	prompt-template/block/summary-bash-write.md	agent_24	complete	[x]	research_runs/2026-06-19_humanize_core_1to1/agents/agent_24/output.md	2	yes	302	bd85ffadfbb99a46	3		prompt/block template defining algorithmic transitions, gates, or review contracts	status complete; output exists; item_id present in assigned output
HZ-145	file	prompt-template/block/todos-file-access.md	agent_25	complete	[x]	research_runs/2026-06-19_humanize_core_1to1/agents/agent_25/output.md	1	yes	284	95e12d3989ac1546	3		prompt/block template defining algorithmic transitions, gates, or review contracts	status complete; output exists; item_id present in assigned output
HZ-146	file	prompt-template/block/unpushed-commits.md	agent_26	complete	[x]	research_runs/2026-06-19_humanize_core_1to1/agents/agent_26/output.md	1	yes	348	0551bb132865f477	3		prompt/block template defining algorithmic transitions, gates, or review contracts	status complete; output exists; item_id present in assigned output
HZ-147	file	prompt-template/block/work-summary-missing.md	agent_27	complete	[x]	research_runs/2026-06-19_humanize_core_1to1/agents/agent_27/output.md	1	yes	335	b436e5c7da62fb36	3		prompt/block template defining algorithmic transitions, gates, or review contracts	status complete; output exists; item_id present in assigned output
HZ-148	file	prompt-template/block/wrong-contract-location.md	agent_28	complete	[x]	research_runs/2026-06-19_humanize_core_1to1/agents/agent_28/output.md	2	yes	130	555e88b9bd54ba61	3		prompt/block template defining algorithmic transitions, gates, or review contracts	status complete; output exists; item_id present in assigned output
HZ-149	file	prompt-template/block/wrong-directory-path.md	agent_29	complete	[x]	research_runs/2026-06-19_humanize_core_1to1/agents/agent_29/output.md	1	yes	152	f5ef742284113e9f	3		prompt/block template defining algorithmic transitions, gates, or review contracts	status complete; output exists; item_id present in assigned output
HZ-150	file	prompt-template/block/wrong-file-location.md	agent_30	complete	[x]	research_runs/2026-06-19_humanize_core_1to1/agents/agent_30/output.md	1	yes	318	7694ce22d3e717d5	3		prompt/block template defining algorithmic transitions, gates, or review contracts	status complete; output exists; item_id present in assigned output
HZ-151	file	prompt-template/block/wrong-round-file.md	agent_01	complete	[x]	research_runs/2026-06-19_humanize_core_1to1/agents/agent_01/output.md	2	yes	343	95e644ffc2acb524	3		prompt/block template defining algorithmic transitions, gates, or review contracts	status complete; output exists; item_id present in assigned output
HZ-152	file	prompt-template/block/wrong-round-number.md	agent_02	complete	[x]	research_runs/2026-06-19_humanize_core_1to1/agents/agent_02/output.md	2	yes	225	b0cda8096b43ed73	3		prompt/block template defining algorithmic transitions, gates, or review contracts	status complete; output exists; item_id present in assigned output
HZ-153	file	prompt-template/block/wrong-summary-location.md	agent_03	complete	[x]	research_runs/2026-06-19_humanize_core_1to1/agents/agent_03/output.md	1	yes	109	631a6877e9b14def	3		prompt/block template defining algorithmic transitions, gates, or review contracts	status complete; output exists; item_id present in assigned output
HZ-154	file	prompt-template/claude/agent-teams-continue.md	agent_04	complete	[x]	research_runs/2026-06-19_humanize_core_1to1/agents/agent_04/output.md	1	yes	1767	0c0dd78f9ec054e9	3		prompt/block template defining algorithmic transitions, gates, or review contracts	status complete; output exists; item_id present in assigned output
HZ-155	file	prompt-template/claude/agent-teams-core.md	agent_05	complete	[x]	research_runs/2026-06-19_humanize_core_1to1/agents/agent_05/output.md	1	yes	3111	251d1162231e208f	3		prompt/block template defining algorithmic transitions, gates, or review contracts	status complete; output exists; item_id present in assigned output
HZ-156	file	prompt-template/claude/agent-teams-instructions.md	agent_06	complete	[x]	research_runs/2026-06-19_humanize_core_1to1/agents/agent_06/output.md	1	yes	638	357c69f2bea2c736	3		prompt/block template defining algorithmic transitions, gates, or review contracts	status complete; output exists; item_id present in assigned output
HZ-157	file	prompt-template/claude/drift-replan-prompt.md	agent_07	complete	[x]	research_runs/2026-06-19_humanize_core_1to1/agents/agent_07/output.md	2	yes	2756	1e7811c7d754302a	3		prompt/block template defining algorithmic transitions, gates, or review contracts	status complete; output exists; item_id present in assigned output
HZ-158	file	prompt-template/claude/finalize-phase-prompt.md	agent_08	complete	[x]	research_runs/2026-06-19_humanize_core_1to1/agents/agent_08/output.md	1	yes	1840	a3b1714c39cfa3b3	3		prompt/block template defining algorithmic transitions, gates, or review contracts	status complete; output exists; item_id present in assigned output
HZ-159	file	prompt-template/claude/finalize-phase-skipped-prompt.md	agent_09	complete	[x]	research_runs/2026-06-19_humanize_core_1to1/agents/agent_09/output.md	1	yes	1750	c921fcce36372b6e	3		prompt/block template defining algorithmic transitions, gates, or review contracts	status complete; output exists; item_id present in assigned output
HZ-160	file	prompt-template/claude/goal-tracker-update-request.md	agent_10	complete	[x]	research_runs/2026-06-19_humanize_core_1to1/agents/agent_10/output.md	1	yes	708	1f6f37265aad21af	3		prompt/block template defining algorithmic transitions, gates, or review contracts	status complete; output exists; item_id present in assigned output
HZ-161	file	prompt-template/claude/methodology-analysis-prompt.md	agent_11	complete	[x]	research_runs/2026-06-19_humanize_core_1to1/agents/agent_11/output.md	1	yes	4030	b09804530786e509	3		prompt/block template defining algorithmic transitions, gates, or review contracts	status complete; output exists; item_id present in assigned output
HZ-162	file	prompt-template/claude/next-round-footer.md	agent_12	complete	[x]	research_runs/2026-06-19_humanize_core_1to1/agents/agent_12/output.md	1	yes	448	3cb3f7d1cd4c23eb	3		prompt/block template defining algorithmic transitions, gates, or review contracts	status complete; output exists; item_id present in assigned output
HZ-163	file	prompt-template/claude/next-round-prompt.md	agent_13	complete	[x]	research_runs/2026-06-19_humanize_core_1to1/agents/agent_13/output.md	1	yes	2874	d4ced45df112c4e6	3		prompt/block template defining algorithmic transitions, gates, or review contracts	status complete; output exists; item_id present in assigned output
HZ-164	file	prompt-template/claude/open-question-notice.md	agent_14	complete	[x]	research_runs/2026-06-19_humanize_core_1to1/agents/agent_14/output.md	3	yes	181	f719a3f70b3ad88d	3		prompt/block template defining algorithmic transitions, gates, or review contracts	status complete; output exists; item_id present in assigned output
HZ-165	file	prompt-template/claude/post-alignment-action-items.md	agent_15	complete	[x]	research_runs/2026-06-19_humanize_core_1to1/agents/agent_15/output.md	1	yes	499	7c1cb6743cf646bd	3		prompt/block template defining algorithmic transitions, gates, or review contracts	status complete; output exists; item_id present in assigned output
HZ-166	file	prompt-template/claude/push-every-round-note.md	agent_16	complete	[x]	research_runs/2026-06-19_humanize_core_1to1/agents/agent_16/output.md	1	yes	101	786793c424471d77	3		prompt/block template defining algorithmic transitions, gates, or review contracts	status complete; output exists; item_id present in assigned output
HZ-167	file	prompt-template/claude/review-phase-prompt.md	agent_17	complete	[x]	research_runs/2026-06-19_humanize_core_1to1/agents/agent_17/output.md	1	yes	2222	1a5db4dad517b086	3		prompt/block template defining algorithmic transitions, gates, or review contracts	status complete; output exists; item_id present in assigned output
HZ-168	file	prompt-template/codex/code-review-phase.md	agent_18	complete	[x]	research_runs/2026-06-19_humanize_core_1to1/agents/agent_18/output.md	1	yes	1273	7732ef716b716cfa	3		prompt/block template defining algorithmic transitions, gates, or review contracts	status complete; output exists; item_id present in assigned output
HZ-169	file	prompt-template/codex/commit-history-section.md	agent_19	complete	[x]	research_runs/2026-06-19_humanize_core_1to1/agents/agent_19/output.md	2	yes	471	8675eed5169ff619	3		prompt/block template defining algorithmic transitions, gates, or review contracts	status complete; output exists; item_id present in assigned output
HZ-170	file	prompt-template/codex/full-alignment-review.md	agent_20	complete	[x]	research_runs/2026-06-19_humanize_core_1to1/agents/agent_20/output.md	2	yes	4917	8a3410e459a1e1c6	3		prompt/block template defining algorithmic transitions, gates, or review contracts	status complete; output exists; item_id present in assigned output
HZ-171	file	prompt-template/codex/goal-tracker-update-section.md	agent_21	complete	[x]	research_runs/2026-06-19_humanize_core_1to1/agents/agent_21/output.md	1	yes	1269	1df5d3f0b11e3ab4	3		prompt/block template defining algorithmic transitions, gates, or review contracts	status complete; output exists; item_id present in assigned output
HZ-172	file	prompt-template/codex/regular-review.md	agent_22	complete	[x]	research_runs/2026-06-19_humanize_core_1to1/agents/agent_22/output.md	1	yes	4829	c09f5fc523bae83d	3		prompt/block template defining algorithmic transitions, gates, or review contracts	status complete; output exists; item_id present in assigned output
HZ-173	file	prompt-template/idea/gen-idea-template.md	agent_23	complete	[x]	research_runs/2026-06-19_humanize_core_1to1/agents/agent_23/output.md	1	yes	356	9dfbd971dba7fafa	3		prompt/block template defining algorithmic transitions, gates, or review contracts	status complete; output exists; item_id present in assigned output
HZ-174	file	prompt-template/plan/gen-plan-template.md	agent_24	complete	[x]	research_runs/2026-06-19_humanize_core_1to1/agents/agent_24/output.md	2	yes	5133	318860561f0591d2	3		prompt/block template defining algorithmic transitions, gates, or review contracts	status complete; output exists; item_id present in assigned output
HZ-175	file	prompt-template/plan/refine-plan-qa-template.md	agent_25	complete	[x]	research_runs/2026-06-19_humanize_core_1to1/agents/agent_25/output.md	1	yes	3133	a8dba751e514b34b	3		prompt/block template defining algorithmic transitions, gates, or review contracts	status complete; output exists; item_id present in assigned output
HZ-176	file	scripts/lib/config-loader.sh	agent_26	complete	[x]	research_runs/2026-06-19_humanize_core_1to1/agents/agent_26/output.md	1	yes	4969	278d718f8647547b	3		runtime script implementing workflow, routing, monitor, validation, or state behavior	status complete; output exists; item_id present in assigned output
HZ-177	file	scripts/lib/model-router.sh	agent_27	complete	[x]	research_runs/2026-06-19_humanize_core_1to1/agents/agent_27/output.md	1	yes	2243	894e35ca14f07169	3		runtime script implementing workflow, routing, monitor, validation, or state behavior	status complete; output exists; item_id present in assigned output
HZ-178	file	scripts/lib/monitor-common.sh	agent_28	complete	[x]	research_runs/2026-06-19_humanize_core_1to1/agents/agent_28/output.md	2	yes	13058	e5f84b985a96849f	3		runtime script implementing workflow, routing, monitor, validation, or state behavior	status complete; output exists; item_id present in assigned output
HZ-179	file	scripts/lib/monitor-skill.sh	agent_29	complete	[x]	research_runs/2026-06-19_humanize_core_1to1/agents/agent_29/output.md	1	yes	21896	b4b675ca8c733120	3		runtime script implementing workflow, routing, monitor, validation, or state behavior	status complete; output exists; item_id present in assigned output
HZ-180	file	skills/ask-codex/SKILL.md	agent_30	complete	[x]	research_runs/2026-06-19_humanize_core_1to1/agents/agent_30/output.md	1	yes	1983	7b1345448386e759	3		skill instruction defining algorithmic workflow behavior	status complete; output exists; item_id present in assigned output
HZ-181	file	skills/ask-gemini/SKILL.md	agent_01	complete	[x]	research_runs/2026-06-19_humanize_core_1to1/agents/agent_01/output.md	2	yes	2410	3836ca9c30c515bc	3		skill instruction defining algorithmic workflow behavior	status complete; output exists; item_id present in assigned output
HZ-182	file	skills/humanize-gen-plan/SKILL.md	agent_02	complete	[x]	research_runs/2026-06-19_humanize_core_1to1/agents/agent_02/output.md	2	yes	3958	db43e84e348cfaf0	3		skill instruction defining algorithmic workflow behavior	status complete; output exists; item_id present in assigned output
HZ-183	file	skills/humanize-refine-plan/SKILL.md	agent_03	complete	[x]	research_runs/2026-06-19_humanize_core_1to1/agents/agent_03/output.md	1	yes	6293	d97eb66a425f96cb	3		skill instruction defining algorithmic workflow behavior	status complete; output exists; item_id present in assigned output
HZ-184	file	skills/humanize-rlcr/SKILL.md	agent_04	complete	[x]	research_runs/2026-06-19_humanize_core_1to1/agents/agent_04/output.md	1	yes	3688	f674d662499b80b0	3		skill instruction defining algorithmic workflow behavior	status complete; output exists; item_id present in assigned output
HZ-185	file	skills/humanize/SKILL.md	agent_05	complete	[x]	research_runs/2026-06-19_humanize_core_1to1/agents/agent_05/output.md	1	yes	7446	c87099eebc702405	3		skill instruction defining algorithmic workflow behavior	status complete; output exists; item_id present in assigned output
HZ-186	file	tests/robustness/test-base-branch-detection.sh	agent_06	complete	[x]	research_runs/2026-06-19_humanize_core_1to1/agents/agent_06/output.md	1	yes	6050	277bcfeea971ba4e	3		executable specification for core algorithm behavior	status complete; output exists; item_id present in assigned output
HZ-187	file	tests/robustness/test-cancel-security-robustness.sh	agent_07	complete	[x]	research_runs/2026-06-19_humanize_core_1to1/agents/agent_07/output.md	2	yes	14746	ef8cc0df9e81052d	3		executable specification for core algorithm behavior	status complete; output exists; item_id present in assigned output
HZ-188	file	tests/robustness/test-concurrent-state-robustness.sh	agent_08	complete	[x]	research_runs/2026-06-19_humanize_core_1to1/agents/agent_08/output.md	1	yes	14582	6c4d8fe04f56b764	3		executable specification for core algorithm behavior	status complete; output exists; item_id present in assigned output
HZ-189	file	tests/robustness/test-git-operations-robustness.sh	agent_09	complete	[x]	research_runs/2026-06-19_humanize_core_1to1/agents/agent_09/output.md	1	yes	14275	ac188ce97f898f3f	3		executable specification for core algorithm behavior	status complete; output exists; item_id present in assigned output
HZ-190	file	tests/robustness/test-goal-tracker-robustness.sh	agent_10	complete	[x]	research_runs/2026-06-19_humanize_core_1to1/agents/agent_10/output.md	1	yes	16254	f7171f57e50f9f00	3		executable specification for core algorithm behavior	status complete; output exists; item_id present in assigned output
HZ-191	file	tests/robustness/test-hook-input-robustness.sh	agent_11	complete	[x]	research_runs/2026-06-19_humanize_core_1to1/agents/agent_11/output.md	1	yes	22490	f12c935c07a08e44	3		executable specification for core algorithm behavior	status complete; output exists; item_id present in assigned output
HZ-192	file	tests/robustness/test-hook-system-robustness.sh	agent_12	complete	[x]	research_runs/2026-06-19_humanize_core_1to1/agents/agent_12/output.md	1	yes	29227	4f1f21a6356b5fd8	3		executable specification for core algorithm behavior	status complete; output exists; item_id present in assigned output
HZ-193	file	tests/robustness/test-path-validation-robustness.sh	agent_13	complete	[x]	research_runs/2026-06-19_humanize_core_1to1/agents/agent_13/output.md	1	yes	13584	02c137156fdfa087	3		executable specification for core algorithm behavior	status complete; output exists; item_id present in assigned output
HZ-194	file	tests/robustness/test-plan-file-robustness.sh	agent_14	complete	[x]	research_runs/2026-06-19_humanize_core_1to1/agents/agent_14/output.md	2	yes	15380	0c631c8dc1de0dee	3		executable specification for core algorithm behavior	status complete; output exists; item_id present in assigned output
HZ-195	file	tests/robustness/test-session-robustness.sh	agent_15	complete	[x]	research_runs/2026-06-19_humanize_core_1to1/agents/agent_15/output.md	1	yes	10123	94a56a166a389bc9	3		executable specification for core algorithm behavior	status complete; output exists; item_id present in assigned output
HZ-196	file	tests/robustness/test-setup-scripts-robustness.sh	agent_16	complete	[x]	research_runs/2026-06-19_humanize_core_1to1/agents/agent_16/output.md	1	yes	44764	88d899d7e2679d88	3		executable specification for core algorithm behavior	status complete; output exists; item_id present in assigned output
HZ-197	file	tests/robustness/test-state-file-robustness.sh	agent_17	complete	[x]	research_runs/2026-06-19_humanize_core_1to1/agents/agent_17/output.md	1	yes	15546	c5373deb1bce13dc	3		executable specification for core algorithm behavior	status complete; output exists; item_id present in assigned output
HZ-198	file	tests/robustness/test-state-transition-robustness.sh	agent_18	complete	[x]	research_runs/2026-06-19_humanize_core_1to1/agents/agent_18/output.md	1	yes	12297	93630a1f6cdf68f3	3		executable specification for core algorithm behavior	status complete; output exists; item_id present in assigned output
HZ-199	file	tests/robustness/test-template-error-robustness.sh	agent_19	complete	[x]	research_runs/2026-06-19_humanize_core_1to1/agents/agent_19/output.md	2	yes	10945	4dfe7459defb61b2	3		executable specification for core algorithm behavior	status complete; output exists; item_id present in assigned output
HZ-200	file	tests/robustness/test-template-stress-robustness.sh	agent_20	complete	[x]	research_runs/2026-06-19_humanize_core_1to1/agents/agent_20/output.md	2	yes	8890	2a8da599b7357f04	3		executable specification for core algorithm behavior	status complete; output exists; item_id present in assigned output
HZ-201	file	tests/robustness/test-timeout-robustness.sh	agent_21	complete	[x]	research_runs/2026-06-19_humanize_core_1to1/agents/agent_21/output.md	1	yes	7802	3b1c3eb540328bd9	3		executable specification for core algorithm behavior	status complete; output exists; item_id present in assigned output
